Workbook

Sheet Mục lục
A1: TỔNG HỢP GIFTCODE — MỤC LỤC
A3: Ngày tổng hợp | B3: 19/10/2026 — từ danh sách 340 link Facebook bạn gửi (file DANH_SACH_LINK_FB_QUET_CODE.md). Bổ sung cùng ngày: quét riêng CODE TUẦN cho cả 340 game (xem 2 sheet 'Tổng hợp code tuần' và 'Code tuần').
A4: Sheet 'Tổng hợp 340 game' | B4: 1 dòng / 1 game: link Facebook, số code tìm được, trạng thái, cách nhập, ghi chú và nguồn. Lọc cột 'Trạng thái' = 'Có code' để xem nhanh 164 game có code.
A5: Sheet 'Tất cả code' | B5: Toàn bộ 1.888 giftcode, mỗi dòng 1 mã. Cột 'Đã nhập?' màu vàng để bạn gõ 'x' đánh dấu; cuối bảng tự đếm đã nhập / chưa nhập.
A6: Sheet 'Ta Là Hắc Ngộ Không' | B6: 35 code của game Ta Là Hắc Ngộ Không (VPlay) — phần làm trước đó, giữ nguyên.
A7: Sheet 'Pirate Legends' | B7: 8 code của Pirate Legends: Huyền Thoại Hải Tặc (Neotrix) — phần làm trước đó, giữ nguyên.
A8: Tổng số game đã quét | B8: ='Tổng hợp 340 game'!C345 -> 340
A9: Số game có code | B9: ='Tổng hợp 340 game'!C346 -> 164
A10: Số game không tìm thấy code | B10: ='Tổng hợp 340 game'!C347 -> 176
A11: Tổng số giftcode (340 game) | B11: ='Tổng hợp 340 game'!C348 -> 1888
A12: Lưu ý trung thực | B12: Facebook không cho liệt kê toàn bộ bài viết của fanpage mà bạn không quản lý, nên code được tổng hợp từ các trang công khai chuyên tổng hợp giftcode (AFKMobi, Taimienphi, CellphoneS... và các nguồn quốc tế) đối chiếu theo từng game/NPH trong danh sách. 'Có code' nghĩa là tìm thấy mã được công bố công khai — hạn dùng chưa được kiểm chứng trực tiếp trong game, nhiều mã có thể đã hết hạn, nên hãy nhập sớm và thử; mã nào game báo hết hạn thì bỏ qua.
A13: Game không tìm thấy code | B13: 176 game không có mã dùng chung công khai ở thời điểm quét (nhiều game chỉ phát code riêng qua sự kiện trong game/fanpage, hoặc không có hệ thống giftcode). Chi tiết lý do nằm ở cột 'Ghi chú kết quả quét' của từng game.
A14: Sheet 'Tổng hợp code tuần' | B14: Quét riêng ngày 19/10/2026: 1 dòng / 1 game — số code tuần, trạng thái, cách nhập, nguồn. Lọc cột 'Trạng thái' = 'Có code tuần' để xem nhanh các game có code tuần.
A15: Sheet 'Code tuần' | B15: Toàn bộ code tuần tìm được, mỗi dòng 1 mã, kèm hạn dùng và ghi chú của nguồn. Cột 'Đã nhập?' màu vàng để bạn gõ 'x' đánh dấu.
A16: Số game có code tuần (19/10/2026) | B16: ='Tổng hợp code tuần'!C346 -> 42
A17: Tổng số code tuần (19/10/2026) | B17: ='Tổng hợp code tuần'!C348 -> 217
A18: Lưu ý về code tuần | B18: Code tuần / code đầu tuần / code cuối tuần thường chỉ sống vài ngày và phần lớn NPH chỉ đăng trên fanpage hoặc kênh chat, không được các trang tổng hợp lưu lại. Danh sách này là những mã tìm thấy công khai tại thời điểm quét 19/10/2026 — hạn dùng chưa kiểm chứng trực tiếp trong game, hãy nhập sớm; mã nào game báo hết hạn thì bỏ qua.

Sheet Ta Là Hắc Ngộ Không
A1: TA LÀ HẮC NGỘ KHÔNG — DANH SÁCH GIFTCODE
A2: Nhà phát hành: VPlay — ra mắt chính thức 10h ngày 14/10/2026
A3: Fanpage: facebook.com/talahacngokhong
A4: Cách nhập: Nhân vật đạt cấp 51 → nút Sảnh Phúc Lợi (góc trên bên trái) → Đổi → nhập code → Nhận Thưởng. Quà gửi về thư trong game. Cũng nhập được tại giftcode.vplay.vn bằng VPlay ID/Facebook/Google.
A5: Tổng hợp từ các kênh chính thức của NPH, được cộng đồng kiểm tra còn dùng được tính đến 18/10/2026. Code phân biệt chữ hoa/thường — copy đúng như trong bảng. Mỗi code chỉ dùng 1 lần/tài khoản.
A6: Ô màu vàng ở cột 'Đã nhập?' là ô bạn tự điền: gõ 'x' khi đã nhập code đó. Tổng kết ở cuối bảng sẽ tự đếm.
A7: STT | B7: Giftcode | C7: Ghi chú / Phần thưởng | D7: Trạng thái | E7: Đã nhập?
A8: 1 | B8: SANSANGDAINAO | D8: Còn dùng được (đến 18/10/2026)
A9: 2 | B9: 1KCHIENHUU | D9: Còn dùng được (đến 18/10/2026)
A10: 3 | B10: TAYTHIENHACHOA | D10: Còn dùng được (đến 18/10/2026)
A11: 4 | B11: 500THANHVIENHNK | D11: Còn dùng được (đến 18/10/2026)
A12: 5 | B12: TALAHACNKGROUP | D12: Còn dùng được (đến 18/10/2026)
A13: 6 | B13: TOP1BXH | D13: Còn dùng được (đến 18/10/2026)
A14: 7 | B14: TLHKH5 | D14: Còn dùng được (đến 18/10/2026)
A15: 8 | B15: THAMTAY666 | D15: Còn dùng được (đến 18/10/2026)
A16: 9 | B16: THAIVG999 | D16: Còn dùng được (đến 18/10/2026)
A17: 10 | B17: DUYNHAT888 | D17: Còn dùng được (đến 18/10/2026)
A18: 11 | B18: XINCHAOTHIENMENH | D18: Còn dùng được (đến 18/10/2026)
A19: 12 | B19: DAINAO | D19: Còn dùng được (đến 18/10/2026)
... A42: 35 | B42: LONGCUNG666 | D42: Còn dùng được (đến 18/10/2026)
B44: Tổng số code: | C44: =COUNTA(B8:B42) -> 35
B45: Đã nhập: | C45: =COUNTIF(E8:E42,"x")+COUNTIF(E8:E42,"X") -> 0
B46: Chưa nhập: | C46: =C44-C45 -> 35

Sheet Pirate Legends
A1: PIRATE LEGENDS: HUYỀN THOẠI HẢI TẶC — DANH SÁCH GIFTCODE
A2: Nhà phát hành: Neotrix — ra mắt chính thức 10h ngày 02/10/2026
A3: Fanpage: facebook.com/piratelegends
A4: Cách nhập: Mở game → nút Phúc Lợi ở phía bên phải màn hình → Giftcode → nhập code → Xác nhận. Quà tự động vào túi trang bị.
A5: 5 code đầu là code ra mắt chính thức từ NPH. 3 code cuối là code nên thử thêm (xem ghi chú) — nếu game báo không hợp lệ thì bỏ qua.
A6: Ô màu vàng ở cột 'Đã nhập?' là ô bạn tự điền: gõ 'x' khi đã nhập code đó. Tổng kết ở cuối bảng sẽ tự đếm.
A7: STT | B7: Giftcode | C7: Ghi chú / Phần thưởng | D7: Trạng thái | E7: Đã nhập?
A8: 1 | B8: ONEPIECEMMO | C8: Code ra mắt chính thức | D8: Code ra mắt
A9: 2 | B9: ONEPIECE2026 | C9: Code ra mắt chính thức | D9: Code ra mắt
A10: 3 | B10: ONEPIECE888 | C10: Code ra mắt chính thức | D10: Code ra mắt
A11: 4 | B11: ONEPIECE666 | C11: Code ra mắt chính thức | D11: Code ra mắt
A12: 5 | B12: HUYENTHOAIHAITAC | C12: Code ra mắt chính thức | D12: Code ra mắt
A13: 6 | B13: Q3SV4U8J6GN1D | C13: Quà ghi nhận: 5 triệu Beli, 10 triệu EXP, 500 Kim Cương, 5 Thùng Bia, 5.000 Đá Cường Hóa. Lưu ý: mã này thấy trong bài về game Huyền Thoại Hải Tặc của NPH GOSU (game khác, tên gần giống) — thử nhập, không hợp lệ thì bỏ qua | D13: Thử nhập — còn hạn đến 16/10/2026*
A14: 7 | B14: ONEPIECE | C14: Code thử thêm — có thể thuộc game Huyền Thoại Hải Tặc của GOSU, không phải Pirate Legends của Neotrix | D14: Thử nhập*
A15: 8 | B15: HTHTVIP | C15: Code thử thêm — có thể thuộc game Huyền Thoại Hải Tặc của GOSU, không phải Pirate Legends của Neotrix | D15: Thử nhập*
B17: Tổng số code: | C17: =COUNTA(B8:B15) -> 8
B18: Đã nhập: | C18: =COUNTIF(E8:E15,"x")+COUNTIF(E8:E15,"X") -> 0
B19: Chưa nhập: | C19: =C17-C18 -> 8

Sheet Tổng hợp 340 game
A1: TỔNG HỢP 340 GAME — KẾT QUẢ QUÉT GIFTCODE (19/10/2026)
A2: Mỗi dòng là 1 mục trong danh sách 340 link Facebook bạn gửi. Cột 'Số code' tự đếm từ sheet 'Tất cả code'. Dùng bộ lọc ở hàng tiêu đề để lọc riêng các game 'Có code' hoặc theo Nhà phát hành.
A3: STT | B3: Tên game | C3: Nhà phát hành | D3: Link Facebook (nguồn quét) | E3: Số code | F3: Trạng thái | G3: Cách nhập code | H3: Ghi chú kết quả quét | I3: Nguồn tham khảo
A4: 1 | B4: 3Q Đào Đào Đào | C4: CÔNG TY TNHH JOYGAMES | D4: https://www.facebook.com/3qdaodaodao | E4: =COUNTA('Tất cả code'!$C$4:$C$11) -> 8 | F4: Có code | G4: Trong game, bấm vào Avatar ở góc trên bên trái màn hình, mở nút Mã quà ở góc dưới bên phải, nhập mã rồi bấm Xác nhận; quà sẽ được gửi về Thư trong game nếu nhập đúng. | H4: Nguồn cập nhật ngày 23/09/2026; code độc quyền của AFKMobi đã phát hết, các code dùng chung còn lại không rõ hạn — nên nhập sớm | I4: https://afkmobi.com/tong-hop-gift-code-game-3q-dao-dao-dao-joygames-moi-nhat.html
A5: 2 | B5: 3Q Gọi Tướng Đi | C5: CÔNG TY CỔ PHẦN GIẢI TRÍ 568E | D5: https://www.facebook.com/3qgoituongdi | E5: =0 -> 0 | F5: Không tìm thấy code | G5: Chưa tìm được hướng dẫn nhập code cụ thể cho game này; theo trang hồ sơ game, code được phát qua các kênh/sự kiện của NPH 568Play | H5: Không tìm thấy code | I5: https://afkmobi.com/game/3q-goi-tuong-di
A6: 3 | B6: Amanotes (Studio Quốc tế) | C6: NPH Chính thức | D6: https://www.facebook.com/magictiles3 | E6: =0 -> 0 | F6: Không tìm thấy code | G6: Không áp dụng | H6: Không tìm thấy code - Các game của Amanotes (Magic Tiles 3, Tiles Hop...) không có hệ thống giftcode chính thức; các trang tổng hợp uy tín không đăng code nào. Các trang linegames.org/aayyy.com trả về danh sách mã ngẫu nhiên dạng spam affiliate, không đáng tin nên không liệt kê.
A7: 4 | B7: Anh Hùng Xạ Điêu - Gamota | C7: Gamota | D7: https://www.facebook.com/ahxd.gamota | E7: =0 -> 0 | F7: Không tìm thấy code | G7: Hoàn thành hướng dẫn tân thủ (đạt level 4), nhấn biểu tượng Settings màu xanh ở góc phải màn hình, nhập giftcode vào ô Gifcode trong bảng Settings (quà sẽ vào hòm đồ) | H7: Không tìm thấy code chung còn hiệu lực. Các nguồn (bài viết từ 2017, game ra mắt 2018) chỉ mô tả cách nhận VIP code riêng qua đăng ký thông tin trên trang chủ (code gửi qua email) hoặc lấy code tại fanpage/trang chủ, không công bố mã code dùng chung cụ thể nào | I7: https://thuthuat.taimienphi.vn/code-anh-hung-xa-dieu-29975n.aspx?ampok=1 https://thuthuat.taimienphi.vn/code-anh-hung-xa-dieu-24722n.aspx
A8: 5 | B8: Ảo Mộng Tru Tiên | C8: Công ty Cổ phần Gamota (Thuộc Appota Group) | D8: https://www.facebook.com/aomongtrutien.gamota | E8: =0 -> 0 | F8: Không tìm thấy code | G8: Chưa xác minh được cách nhập code cụ thể cho game này từ các nguồn uy tín | H8: Không tìm thấy code. Đã quét các trang tổng hợp tiếng Việt — tất cả kết quả đều thuộc các game khác (Mộng Ảo Tu Tiên, Tru Tiên Kiếm Vũ, Tiên Nghịch Mobile...), không có nguồn uy tín nào liệt kê giftcode cho Ảo Mộng Tru Tiên - Gamota. Trang linegames.org có liệt kê một số mã nhưng trông như mã ngẫu nhiên do máy tạo, không đáng tin, nên không đưa vào. | I8: https://aomongtrutien.gamota.com/ https://gamota.com/vi/gamota-lab/tag/jade-dynasty/feed/
A9: 6 | B9: Au 2! | C9: VTC (VTC Intecom & VTC Mobile) | D9: https://www.facebook.com/au2.vtcgame.vn | E9: =COUNTA('Tất cả code'!$C$12:$C$26) -> 15 | F9: Có code | G9: Nhập code trực tiếp trong game trên điện thoại; nên copy code thay vì gõ tay để tránh sai ký tự, nhập sớm vì code thường chỉ có hạn 1-2 tuần, quà sẽ gửi vào hòm thư trong game. | H9: Chưa xác minh. Nguồn duy nhất liệt kê code là bài mytour.vn năm 2023 (cập nhật 11-06-2024); không tìm thấy nguồn nào cập nhật code Au 2 cho 2026, khả năng cao các code trên đã hết hạn. | I9: https://mytour.vn/en/blog/bai-viet/discover-the-latest-2023-updates-for-au-2-audition-mobile-codes-and-how-to-redeem-them https://cellphones.com.vn/sforum/tag/code-game
A10: 7 | B10: Audition - Nhịp Điệu Cuộc Sống | C10: VTC (VTC Intecom & VTC Mobile) | D10: https://www.facebook.com/auditionvtc | E10: =0 -> 0 | F10: Không tìm thấy code | G10: Đăng nhập game Audition (PC) bằng tài khoản VTC ID, nhập mã vào mục giftcode trong game để nhận thưởng (cách nhập lịch sử của VTC cho bản PC). | H10: Không tìm thấy code: bản PC Audition của VTC hiện không có mã giftcode chung công khai trên các trang tổng hợp uy tín. VTC phát giftcode theo sự kiện chứ không công bố danh sách mã chung. | I10: https://vtcpay.vn/tin-tuc-473/tin-tu-vtc-pay-28/1000-khach-hang-nhanh-nhat-da-nhan-duoc-50000d-tu-vtcpay-45307
A11: 8 | B11: Avatar Bum | C11: Công ty TNHH TeaMobi | D11: https://www.facebook.com/avatar.bum.teamobi | E11: =0 -> 0 | F11: Không tìm thấy code | G11: Không xác định được do không có nguồn nào cung cấp danh sách code cụ thể cho game này | H11: Không tìm thấy code | I11: https://thuthuat.taimienphi.vn/canews_code-game-126/Trang/10.aspx https://tusach.vn/download/avatar-bum-3wcy
A12: 9 | B12: Avatar Land | C12: Công ty TNHH TeaMobi | D12: https://www.facebook.com/al.teamobi1 | E12: =0 -> 0 | F12: Không tìm thấy code | G12: Mở game, bấm vào biểu tượng AVATAR (hoặc vào Hồ sơ/Cài đặt), chọn mục Giftcode/Đổi Code, nhập giftcode vào ô trống rồi bấm Xác nhận; phần thưởng sẽ được gửi vào Hòm thư trong game. | H12: Không tìm thấy code — các trang tổng hợp uy tín không có bài code cho game này; nguồn duy nhất liệt kê code đều không đáng tin nên không liệt kê. | I12: https://www.linegames.org/en/avatar-land-codes/ https://www.thegioigameviet.com/search?updated-max=2025-04-06T20:56:00%2B07:00&max-results=20&reverse-paginate=true&start=157&by-date=false
A13: 10 | B13: BangBang Online | C13: Công ty Cổ phần Trực tuyến CMN Việt Nam | D13: https://www.facebook.com/pvtk2.vn | E13: =COUNTA('Tất cả code'!$C$27:$C$33) -> 7 | F13: Có code | G13: Đăng nhập game BangBang Origin > góc phải trên màn hình, dưới thanh menu chọn 'Đổi thưởng HĐ' > chọn 'Nhận Quà' > nhập code và ấn OK | H13: Chưa xác minh. Các mã do thethao247.vn liệt kê trong bài viết từ năm 2023 (game BangBang Origin do CMN Online phát hành); không có thông tin hạn dùng và khả năng cao đã hết hạn | I13: https://thethao247.vn/400-code-bangbang-origin-moi-nhat-va-cach-nhap-d277532.html https://hoanghamobile.com/tin-tuc/bang-bang
A14: 11 | B14: Beat Jumper - EDM Rush up! | C14: Amanotes Pte. Ltd. / Amanotes Vietnam | D14: https://www.facebook.com/magictiles3 | E14: =COUNTA('Tất cả code'!$C$34:$C$45) -> 12 | F14: Có code | G14: Trong game, vào Avatar/Hồ sơ (Profile)/Cài đặt → chọn Redeem Code → nhập code để đổi quà (gói thưởng). | H14: Chưa xác minh. Code lấy từ trang linegames.org (bên thứ ba, không liên kết chính thức với Amanotes/NPH). Dạng flash redeem code, ai nhanh tay đổi trước, đổi 1 lần/1 server, hạn dùng không rõ. | I14: https://www.linegames.org/en/Beat-Jumper-codes/280960208384/?page=1
A15: 12 | B15: Bida ZingPlay | C15: Công ty TNHH ZingPlay Việt Nam (Thuộc VNG) | D15: https://www.facebook.com/zingplayconggame | E15: =0 -> 0 | F15: Không tìm thấy code | G15: Mở app Bida ZingPlay, vào giao diện chính chọn mục Giftcode hoặc Nhập mã quà tặng (có thể trong Cài đặt/Hồ sơ), nhập mã vào ô trống và nhấn Nhập mã/Xác nhận; mỗi code chỉ dùng được một lần cho mỗi tài khoản. | H15: Không tìm thấy code | I15: https://xaydungso.vn/blog5/zingplay-bida-8-vi-cb.html https://xaydungso.vn/blog5/tool-bida-zingplay-android-vi-cb.html
A16: 13 | B16: Blade Ball | C16: Nhà Phát Hành Quốc Tế | D16: https://www.facebook.com/bladeballofficial | E16: =COUNTA('Tất cả code'!$C$46:$C$68) -> 23 | F16: Có code | G16: Mở Roblox và vào game Blade Ball, nhấn nút EXTRA ở phía trên màn hình, chọn CODES, nhập code vào ô trống rồi nhấn nút dấu tick để nhận thưởng. | H16: còn hạn - 2 nguồn uy tín cập nhật tháng 10/2026 (Twinfinite ngày 12/10/2026, Destructoid) đều liệt kê các code này là còn hoạt động; code có thể hết hạn bất cứ lúc nào nên nhập sớm | I16: https://twinfinite.net/roblox/blade-ball-codes/ https://www.destructoid.com/blade-ball-codes-october-2023/
A17: 14 | B17: Bravestars Games | C17: NPH Chính thức | D17: https://www.facebook.com/fptiscareer/posts/122284364222161077 | E17: =0 -> 0 | F17: Không tìm thấy code | H17: Không tìm thấy code. Đã tìm qua 4 truy vấn (vi/en) về Bravestars Games, Hair Salon, Merge Defense, Stickman Revenge; các kết quả chỉ trả về code của game Brawl Stars, các game Roblox tên tương tự hoặc trang spam/affiliate không liên quan - không nguồn nào liệt kê giftcode thực cho game của Bravestars Games.
A18: 15 | B18: Capybara Go! | C18: CÔNG TY CỔ PHẦN BLISS | D18: https://www.facebook.com/capybaragoglobal | E18: =COUNTA('Tất cả code'!$C$69:$C$81) -> 13 | F18: Có code | G18: Chạm vào avatar người chơi góc trái màn hình game để xem và sao chép UID, sau đó truy cập trang gift.capybarago.io, nhập UID và code (phân biệt chữ hoa/thường), nhấn đổi. Nếu thành công, nhận thưởng trong hộp Thư (Mail) trong game. | H18: Danh sách đồng nhất trên nhiều nguồn, được PocketGamer kiểm tra lại ngày 18/10/2026. Lưu ý 'lucky2025' và 'lucky2024' cũng xuất hiện trong mục hết hạn của trang nguồn (mâu thuẫn nội bộ), nên hai code này có thể đã hoặc sắp hết hạn - nên nhập sớm. | I18: http://www.pocketgamer.com/capybara-go/codes/ https://axeetech.com/capybara-go-codes/ https://24hstore.vn/huong-dan-ky-thuat/code-capybara-go-n9888
A19: 16 | B19: Car Race 3D | C19: Công ty Cổ phần iKame (Zego Studio / Begamob) | D19: https://www.facebook.com/mirchifunfb | E19: =0 -> 0 | F19: Không tìm thấy code | G19: Chưa xác minh được cách nhập; game là tựa hyper-casual đua xe của iKame/Zego Studio, không tìm thấy nguồn chính thức hay trang tổng hợp uy tín nào mô tả chức năng nhập giftcode trong game. | H19: Không tìm thấy code. Các trang linegames.org chỉ liệt kê mã ký tự ngẫu nhiên theo mẫu spam affiliate và ghi rõ không liên kết với game, nên không ghi nhận làm code hợp lệ.
A20: 17 | B20: Câu Cá Vạn Cân | C20: CÔNG TY TNHH THẾ GIỚI MINI | D20: https://www.facebook.com/caucavancan.1 | E20: =0 -> 0 | F20: Không tìm thấy code | G20: Chưa có nguồn xác minh nào ghi rõ cách nhập code trong game bản mobile của Thế Giới Mini | H20: Không tìm thấy code. Game mobile của MINI WORLD COMPANY LIMITED mới ra mắt tại VN khoảng tháng 9/2026; trang afkmobi.com có mục tổng hợp code nhưng chưa liệt kê mã nào. Lưu ý: trang gameorb.io liệt kê nhiều mã nhưng thuộc về game Roblox Fish It, không phải game mobile của Thế Giới Mini, nên không liệt kê. | I20: https://afkmobi.com/game/cau-ca-van-can https://gameorb.io/code-cau-ca-van-can/
A21: 18 | B21: Chỉ Huy Tối Thượng | C21: CÔNG TY CỔ PHẦN GAMOTA | D21: https://www.facebook.com/nph.gamota | E21: =COUNTA('Tất cả code'!$C$82:$C$83) -> 2 | F21: Có code | G21: Trong game bấm vào Avatar ở góc trên bên trái màn hình, mở nút "Đổi" phía dưới, nhập mã rồi bấm "Đổi", quà sẽ được nhận ngay lập tức nếu nhập đúng. | H21: không rõ hạn — code dùng chung từ đợt ra mắt game (23/06/2026), bài viết afkmobi cập nhật lần cuối 26/06/2026, không có thông tin code mới sau thời điểm đó; code VIP độc quyền của AFKMobi đã phát hết. | I21: https://afkmobi.com/tong-hop-gift-code-game-chi-huy-toi-thuong-moi-nhat.html https://download.com.vn/s/game+arcade?sort=dateadded&p=270
A22: 19 | B22: Chiến Giới 4D | C22: CÔNG TY CỔ PHẦN TRUYỀN HÌNH TƯƠNG TÁC VIỆT NAM | D22: https://www.facebook.com/chiengioi4d.vplay.vn | E22: =COUNTA('Tất cả code'!$C$84:$C$169) -> 86 | F22: Có code | G22: Vào game → Sảnh phúc lợi → chọn mục Đổi → nhập code → Nhận thưởng → quay lại màn hình chính, mở Thư → Nhận nhanh. Yêu cầu: hoàn thành nhiệm vụ tân thủ và nhân vật đạt cấp 30. | H22: Không rõ hạn. Nguồn (FPT Shop, cập nhật 2026-10-01) đánh dấu 6 code 'Còn hạn' (ChienGioi4D, ChienGioiVip, ChienGioi999, THOITRANGVIP999, CANHVIP999, LANDING999); các code còn lại được gắn 'Mới' nhưng hạn thực tế không rõ — một số code sự kiện theo ngày/tháng cũ rất có thể đã hết hạn. Nên ưu tiên nhập sớm. Một số code có dấu tiếng Việt, cần nhập chính xác từng ký tự. | I22: https://fptshop.com.vn/tin-tuc/giai-tri/cap-nhat-tong-hop-cac-ma-code-chien-gioi-4d-moi-nhat-bat-mi-cach-nhap-code-chinh-xac-va-nhanh-chong-172025 https://Quantrimang.com/cong-nghe/code-chien-gioi-4d-mobile-moi-nhat-190032
A23: 20 | B23: Chiến Thú Hỗn Chiến | C23: CÔNG TY CỔ PHẦN GAMOTA | D23: https://www.facebook.com/nph.gamota | E23: =COUNTA('Tất cả code'!$C$170:$C$174) -> 5 | F23: Có code | G23: Trong game: chạm Avatar ở màn hình chính → Cài đặt → Mã đổi quà → nhập mã → bấm Nhận; quà sẽ gửi về Thư ingame. Code phân biệt chữ hoa/thường, mỗi mã dùng 1 lần mỗi tài khoản. | H23: còn hạn (cập nhật 19/10/2026, 72% bình chọn cộng đồng xác nhận còn dùng được) | I23: https://codemoi.net/games/chien-thu-hon-chien/ https://afkmobi.com/tong-hop-gift-code-game-chien-thu-hon-chien-moi-nhat-trong-thang.html
A24: 21 | B24: Chiến Vì Vinh Quang | C24: CÔNG TY CỔ PHẦN CÔNG NGHỆ SỐ ALO | D24: https://www.facebook.com/oeg.vn | E24: =COUNTA('Tất cả code'!$C$175:$C$177) -> 3 | F24: Có code | G24: Trong game bấm vào Avatar ở góc trên bên trái màn hình, mở nút Giftcode, nhập mã rồi bấm Đổi; quà gửi về Thư trong game (vào Thành Chính để tìm Thư) | H24: Code độc quyền tại AFKMobi đã phát hết; 3 code dùng chung BEGINNOW, KHAITHE, VINHQUANGOB do nguồn ghi rõ, không rõ hạn sử dụng | I24: https://afkmobi.com/tong-hop-gift-code-game-chien-vi-vinh-quang-moi-nhat.html
A25: 22 | B25: Clash of Critters | C25: CÔNG TY CỔ PHẦN GAMOTA | D25: https://www.facebook.com/nph.gamota | E25: =COUNTA('Tất cả code'!$C$178:$C$183) -> 6 | F25: Có code | G25: Trong game: mở menu Bạn bè (biểu tượng hai nhân vật ở góc dưới bên phải) > chọn Cài đặt (biểu tượng bánh răng ở phía trên) > cuộn xuống tìm mục Mã đổi thưởng (Redemption Code) > nhập code chính xác (phân biệt chữ hoa/thường) > nhấn Xác nhận. | H25: không rõ hạn — được nhiều nguồn liệt kê còn hoạt động trong tháng 10/2026; mã TATAMOON được một số nguồn báo hết hạn 24/10/2026 nên nên nhập sớm; mã openfestc ở một số nguồn khác ghi là openfestc26 — thử cả hai nếu cần | I25: https://dienthoaigiakho.vn/tin-cong-nghe/code-clash-of-critters/ https://www.pocketgamer.com/clash-of-critters/codes/
A26: 23 | B26: CMN Online | C26: NPH Chính thức | D26: https://www.facebook.com/p/v%c3%b4-c%e1%bb%b1c-ti%c3%aan-%c4%90%e1%bb%93-100090676061593 | E26: =0 -> 0 | F26: Không tìm thấy code | H26: Không tìm thấy code — CMN Online là tên NPH (nhà phát hành CMN Việt Nam), không phải tên một game cụ thể, nên không có danh sách giftcode riêng; các game của NPH này (Kiếm Vũ, Phong Vân Truyền Kỳ, Kiếm Thánh 2...) có code riêng từng game | I26: https://tripi.vn/blog/vi/game-app/ma-giftcode-cuu-thien-mobile-tripi https://afkmobi.com/giftcode/page/50 https://thethao247.vn/400-code-kiem-thanh-2-moi-nhat-va-cach-nhap-d270419.html
A27: 24 | B27: CookieRun: Kingdom | C27: Nhà Phát Hành Quốc Tế | D27: https://www.facebook.com/cookierunkingdom | E27: =COUNTA('Tất cả code'!$C$184:$C$184) -> 1 | F27: Có code | G27: Trong game nhấn biểu tượng menu 3 gạch ngang (góc trên bên phải) > Settings > tab Info > sao chép ID người chơi (User Info), sau đó truy cập trang nhập code chính thức của DevPlay (coupon.devplay.com/coupon/ck/en), dán ID và nhập code rồi nhấn Claim Reward. Khởi động lại game, nhận quà trong Thư (biểu tượng phong bì). | H27: Còn hạn: MISSEARTHBREAD26 (1500 Crystals, 500 Rainbow Cubes, 500 Choco Chalks), theo Pocket Gamer cập nhật 18/10/2026. Các code khác đã hết hạn nên không liệt kê. | I27: https://www.pocketgamer.com/cookie-run-kingdom/codes/ https://techysnoop.com/working-cookie-run-kingdom-codes/
A28: 25 | B28: Cơ Giáp Vô Hạn – Gamota | C28: CÔNG TY CỔ PHẦN GAMOTA | D28: https://www.facebook.com/ahxd.gamota https://www.facebook.com/nph.gamota https://www.facebook.com/tieungaogamota | E28: =COUNTA('Tất cả code'!$C$185:$C$196) -> 12 | F28: Có code | G28: Trong game bấm vào Avatar ở góc trên bên trái màn hình, mở nút Mã Quà Tặng, nhập mã rồi bấm Trao Đổi; quà sẽ được gửi về Thư ingame nếu nhập đúng. | H28: không rõ hạn - danh sách code dùng chung do afkmobi.com đăng ngày 09/05/2026 (cập nhật 12/05/2026), không ghi rõ hạn dùng nên có thể một số code đã hết hạn; code độc quyền của AFKMobi đã phát hết | I28: https://afkmobi.com/tong-hop-gift-code-game-co-giap-vo-han-gamota-moi-nhat.html https://afkmobi.com/giftcode/page/5
A29: 26 | B29: Cờ Tướng ZingPlay | C29: Công ty TNHH ZingPlay Việt Nam (Thuộc VNG) | D29: https://www.facebook.com/zingplayconggame | E29: =0 -> 0 | F29: Không tìm thấy code | G29: Các game trên nền tảng ZingPlay thường nhập code qua mục Giftcode/Nhập mã quà tặng trong game hoặc ứng dụng ZingPlay; mã chỉ dùng được một lần mỗi tài khoản và có thời hạn. | H29: Không tìm thấy code. Đã tìm qua nhiều truy vấn; các kết quả chỉ nói về game khác hoặc trang spam tự tạo mã ngẫu nhiên. Một nguồn đề cập ZINGPLAY25OFF cho Cờ Tướng Online nhưng mập mờ, không rõ áp dụng cho Cờ Tướng ZingPlay nên không liệt kê. | I29: https://xaydungso.vn/blog5/zingplay-code-vi-cb.html https://tripi.vn/blog/vi/game-app/huong-dan-nhan-code-chien-tuong-zingplay-tripi
A30: 27 | B30: Cờ Tỷ Phú ZingPlay | C30: Công ty TNHH ZingPlay Việt Nam (Thuộc VNG) | D30: https://www.facebook.com/zingplayconggame | E30: =0 -> 0 | F30: Không tìm thấy code | G30: Mở game Cờ Tỷ Phú ZingPlay và đăng nhập tài khoản, nhấn biểu tượng Cài Đặt (bánh răng) trên màn hình chính, chọn mục "Nhập Mã Code" hoặc "Nhập Quà Tặng", nhập chính xác mã code rồi nhấn "Xác nhận"/"Đồng Ý"; sau khi nhập thành công, vào Hòm Thư trong game để nhận phần thưởng. | H30: Không tìm thấy code. Trang xaydungso.vn chỉ đưa ví dụ mã code chứ không xác nhận code thật đang hoạt động; các trang linegames.org liệt kê chuỗi mã ngẫu nhiên là nội dung spam tự động, không phải code chính thức của ZingPlay/VNG. | I30: https://xaydungso.vn/blog5/co-ty-phu-zingplay-code-vi-cb.html https://www.linegames.org/en/C%E1%BB%9D-T%E1%BB%B7-Ph%C3%BA-2-ZingPlay-codes/337427056224/
A31: 28 | B31: Cửu Âm Chân Kinh 2 | C31: Công ty Cổ phần Trực tuyến GOSU | D31: https://www.facebook.com/cuuam.gosu.vn | E31: =0 -> 0 | F31: Không tìm thấy code | G31: Game phát giftcode riêng cho từng người chơi qua sự kiện, fanpage, diễn đàn và các trang tin game (như 2game.vn); nhập code trong game hoặc qua kênh đổi code chính thức của game theo hướng dẫn sự kiện | H31: Không tìm thấy code | I31: https://2game.vn/tag/giftcode-cuu-am-chan-kinh https://cuuam.gosu.vn/home/news/huong-dan/tips-ngay-dau-lam-tan-thu.html
A32: 29 | B32: Cửu Âm Chân Kinh Mobile | C32: Công ty Cổ phần Trực tuyến GOSU | D32: https://www.facebook.com/cuuamchankinhmobilegosu | E32: =COUNTA('Tất cả code'!$C$197:$C$204) -> 8 | F32: Có code | G32: Trong game nhấn biểu tượng Phúc Lợi > chọn mục Mã Quà Tặng > nhập chính xác code và nhấn Đổi Thưởng > vào khu vực Thư trong game để mở thư nhận quà. | H32: không rõ hạn — các code thuộc đợt ra mắt 25/5/2021, nguồn cập nhật 12/7/2025 nhưng không ghi trạng thái còn hạn, nên chưa xác minh được code còn dùng được | I32: https://tripi.vn/blog/vi/game-app/kham-pha-bo-suu-tap-giftcode-cuu-am-chan-kinh-mobile-gosu-tripi https://afkmobi.com/game/cuu-am-chan-kinh-mobile-gosu
A33: 30 | B33: Cửu Long Chí Tôn | C33: Công ty TNHH Dzogame | D33: https://www.facebook.com/cuulongchiton.dzogame | E33: =COUNTA('Tất cả code'!$C$205:$C$205) -> 1 | F33: Có code | G33: Đăng nhập vào game, chọn Kỳ Trân Các > chọn Giftcode > nhập code và ấn Nhận thưởng; sau đó quay lại giao diện chính, vào Kỳ Trân Tiêu Cục > chọn quà và nhấn Nhận. | H33: Chưa xác minh - code duy nhất nguồn ghi rõ là 9DVUONGGIA, lấy từ bài viết taimienphi.vn đăng tháng 6/2024 (cập nhật 7/2024), rất có thể đã hết hạn; không tìm thấy thêm code mới nào từ nguồn uy tín | I33: https://thuthuat.taimienphi.vn/code-cuu-long-chi-ton-77808n.aspx https://LAG.vn/cuu-long-chi-ton-9d-u.tag
A34: 31 | B34: Dancing Road: Color Ball Run! | C34: Amanotes | D34: https://www.facebook.com/magictiles3 | E34: =0 -> 0 | F34: Không tìm thấy code | H34: Không tìm thấy code - chỉ có các trang spam mã ngẫu nhiên (linegames.org), không có code chính thức nào được ghi nhận | I34: https://linegames.org
A35: 32 | B35: Dead Target | C35: VNG | D35: https://www.facebook.com/deadtarget | E35: =COUNTA('Tất cả code'!$C$206:$C$210) -> 5 | F35: Có code | G35: Trong game: Settings > Redeem Option > nhập code | H35: Các code trên đều ĐÃ HẾT HẠN (bài đăng 21/8/2025, hết hạn trong 8/2025); không tìm thấy code mới còn hạn | I35: https://deliventura.com/dead-target-codes/
A36: 33 | B36: Delta Force | C36: Garena | D36: https://www.facebook.com/deltaforcegamevn https://www.facebook.com/garenadeltaforcevn | E36: =COUNTA('Tất cả code'!$C$211:$C$221) -> 11 | F36: Có code | G36: Trong game: Sự kiện > Khác > Trung tâm đổi quà; hoặc nhập trên website redeem.df.garena.sg | H36: Code mới nhất cập nhật 09/10/2026; WELCOMETODF có hạn đến 25/10/2026; các code còn lại được nguồn ghi nhận còn nhập được | I36: https://fptshop.com.vn/tin-tuc/danh-gia/code-delta-force-209456
A37: 34 | B37: Dị Giới Sinh Tồn OEG | C37: Alo Game | D37: https://www.facebook.com/digioisinhtonoeg | E37: =0 -> 0 | F37: Không tìm thấy code | H37: Chưa xác minh - afkmobi có bài tổng hợp gift code (NPH Alo Game tặng đọc giả) nhưng không lấy được danh sách code cụ thể | I37: https://afkmobi.com
A38: 35 | B38: Diệt Quỷ Origin | C38: CÔNG TY TNHH TRUYỀN THÔNG HNXSOFT | D38: https://www.facebook.com/dietquyhnx | E38: =0 -> 0 | F38: Không tìm thấy code | H38: Chưa xác minh - download.com.vn và thegioigameviet đều có bài tổng hợp code nhưng không lấy được danh sách code cụ thể | I38: https://www.thegioigameviet.com https://download.com.vn
A39: 36 | B39: Doomsday: Last Survivors | C39: Gamota | D39: https://www.facebook.com/nph.gamota | E39: =COUNTA('Tất cả code'!$C$222:$C$229) -> 8 | F39: Có code | G39: Bấm avatar góc trên bên trái → Settings → Gift Code → nhập code → quà về hòm thư ingame | H39: Các code được các nguồn quốc tế cập nhật 10/2026 ghi nhận còn hoạt động; một số nguồn ghi nhận khác nhau về tình trạng hết hạn (DLSFAIRYTAIL có nguồn ghi đã hết hạn) | I39: https://www.pocketgamer.com/doomsday-last-survivors/codes/ https://cofregamers.com/en/doomsday-last-survivors-redeem-code-list/ https://buffbuff.com/blog/doomsday-last-survivors-codes
A40: 37 | B40: Duet Cats: Cute Cat Music | C40: Amanotes | D40: https://www.facebook.com/amanotes.duettiles | E40: =0 -> 0 | F40: Không tìm thấy code | H40: Không tìm thấy code - chỉ có các trang spam mã ngẫu nhiên (linegames.org), không có hệ thống giftcode chính thức được ghi nhận | I40: https://www.linegames.org
A41: 38 | B41: Duet Tiles - Dual Vocal Game | C41: Amanotes | D41: https://www.facebook.com/amanotes.duettiles | E41: =0 -> 0 | F41: Không tìm thấy code | H41: Không tìm thấy code - cùng hệ sinh thái Amanotes, không có hệ thống giftcode chính thức được ghi nhận | I41: https://www.linegames.org
A42: 39 | B42: Đạo Hữu Xin Dừng Bước | C42: JoyGames | D42: https://www.facebook.com/daohuuxindungbuoc.vn | E42: =0 -> 0 | F42: Không tìm thấy code | H42: Chưa xác minh - quantrimang/taimienphi có bài tổng hợp code nhưng là bản cũ từ 2022, không lấy được code mới cụ thể cho bản JoyGames 2026 | I42: https://quantrimang.com https://thuthuat.taimienphi.vn
A43: 40 | B43: Đảo Sinh Tồn 3D | C43: MKO | D43: https://www.facebook.com/oeg.vn | E43: =0 -> 0 | F43: Không tìm thấy code | H43: Chưa xác minh - afkmobi có chuyên mục giftcode cho game nhưng không lấy được danh sách code cụ thể | I43: https://afkmobi.com
A44: 41 | B44: Đấu La Đại Lục | C44: Funtap | D44: https://www.facebook.com/soulland.vn | E44: =COUNTA('Tất cả code'!$C$230:$C$234) -> 5 | F44: Có code | G44: Nhấn Avatar góc trên bên trái → Trung tâm người dùng → Trao đổi mã quà tặng → nhập code → Đổi ngay | H44: Code cho bản H5 theo nguồn xaydungso.vn | I44: https://xaydungso.vn/blog/nhan-ngay-ma-code-sieu-hot-cho-code-dau-la-dai-luc-h5-vi-cb.html
A45: 42 | B45: Đấu La Đại Lục: Hồn Sư Đối Quyết | C45: Funtap (Playfun) | D45: https://www.facebook.com/soulland.vn | E45: =COUNTA('Tất cả code'!$C$235:$C$258) -> 24 | F45: Có code | G45: Bấm biểu tượng Funtap góc trái màn hình → Trao Đổi Mã Quà → nhập GiftCode + mã xác minh → Đổi Ngay; quà về Túi Đồ | H45: Danh sách 'Mới' theo Hoàng Hà Mobile đối chiếu 8/2026 | I45: https://hoanghamobile.com/tin-tuc/code-dau-la-dai-luc/ https://xaydungso.vn/blog5/dau-la-dai-luc-hon-su-doi-quyet-code-vi-cb.html
A46: 43 | B46: Đấu La Đại Lục: Thế Giới Săn Hồn | C46: Funtap | D46: https://www.facebook.com/dauladailuc3d.vn | E46: =0 -> 0 | F46: Không tìm thấy code | H46: Chưa xác minh - thegioididong.com và afkmobi đều có bài tổng hợp code (NPH Funtap) nhưng không lấy được danh sách code cụ thể | I46: https://www.thegioididong.com https://afkmobi.com
A47: 44 | B47: Đấu Phá Thương Khung 2D | C47: Gamota | D47: https://www.facebook.com/nph.gamota | E47: =COUNTA('Tất cả code'!$C$259:$C$269) -> 11 | F47: Có code | H47: Nguồn ghi các code trên còn hiệu lực; các code dp888, rjnpu1017, hsfhz1010 đã hết hiệu lực nên không liệt kê | I47: https://fptshop.com.vn/tin-tuc/giai-tri/code-dau-pha-thuong-khung-2d-190818
A48: 45 | B48: Đấu Trường Chân Lý (Teamfight Tactics) | C48: VNGGames | D48: https://www.facebook.com/dtclvn | E48: =COUNTA('Tất cả code'!$C$270:$C$284) -> 15 | F48: Có code | H48: Code theo bài didongviet.vn (ghi cập nhật 02/10/2026); TFT là game của Riot, code sự kiện hiếm nên cần thử nhập trực tiếp | I48: https://didongviet.vn/dchannel/code-tft/
A49: 46 | B49: Đấu Trường Onmyoji (Âm Dương Sư MOBA) | C49: Dzogame | D49: https://www.facebook.com/on.dzogame | E49: =0 -> 0 | F49: Không tìm thấy code | H49: Chưa xác minh - taimienphi có bài tổng hợp code nhưng không lấy được danh sách cụ thể | I49: https://thuthuat.taimienphi.vn
A50: 47 | B50: Độc Cô Kỳ Hiệp (Võ Lâm Kỳ Hiệp) | C50: Gamota | D50: https://www.facebook.com/doccokyhiep.gamota | E50: =COUNTA('Tất cả code'!$C$285:$C$299) -> 15 | F50: Có code | G50: Đạt cấp 54 → Phúc Lợi → Đổi Quà → nhập code → Nhận Phần Thưởng; quà về Thư trong mục Bạn Bè | H50: Bài quantrimang cũ (~2021), các code khả năng cao đã hết hạn | I50: https://quantrimang.com/cong-nghe/code-vo-lam-ky-hiep-moi-nhat-va-cach-nhap-182126
A51: 48 | B51: Đội Tướng Nhí Nhố | C51: KAN | D51: https://www.facebook.com/doituongnhinho | E51: =0 -> 0 | F51: Không tìm thấy code | H51: Chưa xác minh - thegioididong.com (09/2026), download.com.vn, quantrimang đều có bài tổng hợp code nhưng không lấy được danh sách cụ thể | I51: https://www.thegioididong.com https://download.com.vn https://quantrimang.com
A52: 49 | B52: Đột Kích (CrossFire) | C52: VTC | D52: https://www.facebook.com/cfvietnamvtc | E52: =0 -> 0 | F52: Không tìm thấy code | H52: Chưa xác minh - không tìm thấy danh sách code tổng hợp cho bản PC VTC; code thường phát qua sự kiện trên trang chủ
A53: 50 | B53: EA Sports FC Mobile VN | C53: Garena | D53: https://www.facebook.com/easfcmobilevn | E53: =COUNTA('Tất cả code'!$C$300:$C$309) -> 10 | F53: Có code | G53: Bản Garena: màn hình chính → Khu Phức Hợp (góc dưới trái) → Nơi Nhập Giftcode → Xác Nhận; bản Quốc tế: nhập trên redeem.fcm.ea.com | H53: PUMPKINSPICEPACK, MULLERTIME, 27UPDATE là code quốc tế còn hạn 10/2026; các code FCMVNTRUNGTHU2026, THEFIRSTFCMVN, THEFIRSTBOOSTER2026 đã hết hạn | I53: http://quantrimang.com/cong-nghe/code-fc-mobile-205422 https://download.com.vn/code-fc-mobile-vn-moi-nhat-198362
A54: 51 | B54: EA Sports FC Online | C54: Vietnam Esports (Garena) | D54: https://www.facebook.com/easportsfconlinevn | E54: =COUNTA('Tất cả code'!$C$310:$C$311) -> 2 | F54: Có code | G54: Nhập code trên trang sự kiện chính thức fconline.garena.vn | H54: Code sự kiện chính thức từ fconline.garena.vn; COVUVIETNAM (sự kiện Cổ Vũ Việt Nam, đến 06/10/2026), FVPLSUMMER2026 (sự kiện FVPL Summer 2026, đến 14/09/2026) — đều đã qua thời gian sự kiện, khả năng cao đã hết hạn | I54: https://fconline.garena.vn/author/trangfco/ https://fconline.garena.vn/author/dungfco/
A55: 52 | B55: Fanpage Amanotes (Studio Quốc tế) | C55: Amanotes | D55: https://www.facebook.com/magictiles3 | E55: =0 -> 0 | F55: Không tìm thấy code | H55: Đây là fanpage NPH/studio, không phải game cụ thể — không có code để quét
A56: 53 | B56: Fanpage Bravestars Games | C56: Bravestars Games | D56: https://www.facebook.com/fptiscareer/posts/122284364222161077 | E56: =0 -> 0 | F56: Không tìm thấy code | H56: Đây là fanpage NPH, không phải game cụ thể — không có code để quét
A57: 54 | B57: Fanpage CMN Online | C57: CMN Online | D57: https://www.facebook.com/p/v%c3%b4-c%e1%bb%b1c-ti%c3%aan-%c4%90%e1%bb%93-100090676061593 | E57: =0 -> 0 | F57: Không tìm thấy code | H57: Đây là fanpage NPH, không phải game cụ thể — không có code để quét
A58: 55 | B58: Fanpage Dzogame | C58: Dzogame | D58: https://www.facebook.com/cuulongchiton.dzogame | E58: =0 -> 0 | F58: Không tìm thấy code | H58: Đây là fanpage NPH, không phải game cụ thể — không có code để quét
A59: 56 | B59: Fanpage Gamota | C59: Gamota | D59: https://www.facebook.com/tieungaogamota | E59: =0 -> 0 | F59: Không tìm thấy code | H59: Đây là fanpage NPH, không phải game cụ thể — không có code để quét
A60: 57 | B60: Fanpage Garena (Vietnam Esports) | C60: Garena | D60: https://www.facebook.com/garenacareers | E60: =0 -> 0 | F60: Không tìm thấy code | H60: Đây là fanpage NPH, không phải game cụ thể — không có code để quét
A61: 58 | B61: Fanpage GOSU | C61: GOSU | D61: https://www.facebook.com/cuuam.gosu.vn | E61: =0 -> 0 | F61: Không tìm thấy code | H61: Đây là fanpage NPH, không phải game cụ thể — không có code để quét
A62: 59 | B62: Fanpage Hiker Games | C62: Hiker Games | D62: https://www.facebook.com/ptitgames | E62: =0 -> 0 | F62: Không tìm thấy code | H62: Đây là fanpage NPH, không phải game cụ thể — không có code để quét
A63: 60 | B63: Fanpage iKame Global (Zego Studio) | C63: iKame Global | D63: https://www.facebook.com/mirchifunfb/posts/1099956102845524 | E63: =0 -> 0 | F63: Không tìm thấy code | H63: Đây là fanpage NPH, không phải game cụ thể — không có code để quét
A64: 61 | B64: Fanpage SohaGame | C64: SohaGame | D64: https://www.facebook.com/sohagame | E64: =0 -> 0 | F64: Không tìm thấy code | H64: Đây là fanpage NPH, không phải game cụ thể — không có code để quét
A65: 62 | B65: Fanpage TeaMobi (Gomobi) | C65: TeaMobi | D65: https://www.facebook.com/teamobi | E65: =0 -> 0 | F65: Không tìm thấy code | H65: Đây là fanpage NPH, không phải game cụ thể — không có code để quét
A66: 63 | B66: Fanpage Topebox | C66: Topebox | D66: https://www.facebook.com/topebox | E66: =0 -> 0 | F66: Không tìm thấy code | H66: Đây là fanpage NPH, không phải game cụ thể — không có code để quét
... A69: 66 | B69: Fanpage ZingPlay | C69: ZingPlay | D69: https://www.facebook.com/zingplayconggame | E69: =0 -> 0 | F69: Không tìm thấy code | H69: Đây là fanpage NPH, không phải game cụ thể — không có code để quét
A70: 67 | B70: Farm City: Farming & Building | C70: iKame | D70: https://www.facebook.com/mirchifunfb | E70: =COUNTA('Tất cả code'!$C$312:$C$317) -> 6 | F70: Có code | G70: Trong game: bấm biểu tượng bánh răng (góc trên phải) → tab Promo Code → nhập code | H70: Code theo timrim.com (cập nhật 4/2026, test trên server US); FARMCITY2026, JULY4FREEDOM, SPRINGPLANT2026 đã hết hạn; THXHARVEST26 (đến 30/11), BLACKFRIDAYGEMS (đến 5/12), WINTERWHEAT26 (đến 15/01) theo nguồn còn hạn | I70: https://www.timrim.com/en/farm-city-farming-building-codes/
A71: 68 | B71: FC Mobile VN | C71: Garena | D71: https://www.facebook.com/easfcmobilevn https://www.facebook.com/easportsfcmobilevn | E71: =COUNTA('Tất cả code'!$C$318:$C$327) -> 10 | F71: Có code | G71: Bản Garena: màn hình chính → Khu Phức Hợp (góc dưới trái) → Nơi Nhập Giftcode → Xác Nhận; bản Quốc tế: nhập trên redeem.fcm.ea.com | H71: Trùng mục 49 (EA Sports FC Mobile VN) - cùng game, sao chép kết quả | I71: http://quantrimang.com/cong-nghe/code-fc-mobile-205422 https://download.com.vn/code-fc-mobile-vn-moi-nhat-198362
A72: 69 | B72: Free Fire | C72: Garena (Thiên Bình) | D72: https://www.facebook.com/freefirevn | E72: =COUNTA('Tất cả code'!$C$328:$C$356) -> 29 | F72: Có code | G72: Web: reward.ff.garena.com (đăng nhập tài khoản game → nhập code); hoặc trong game: Sự kiện → Thông báo → Nơi nhập Giftcode → nhập code | H72: Danh sách codeff.me cập nhật 18/10/2026; code FF có thời hạn ngắn và giới hạn lượt nhập nên cần nhập sớm; mỗi code chỉ dùng 1 lần/tài khoản | I72: https://codeff.me/
A73: 70 | B73: The Ants: Underground Kingdom (Gamota) | C73: Gamota | D73: https://www.facebook.com/theantsvn | E73: =COUNTA('Tất cả code'!$C$357:$C$375) -> 19 | F73: Có code | G73: Bấm avatar góc trên bên trái → Settings → Redeem Code → nhập code → Confirm; quà về hòm thư ingame | H73: earlygame.com cập nhật 12/10/2026, ghi nhận 19 code còn hoạt động | I73: https://earlygame.com/codes/the-ants-underground-kingdom-codes
A74: 71 | B74: Garena (Vietnam Esports) | C74: Garena | D74: https://www.facebook.com/garenacareers | E74: =0 -> 0 | F74: Không tìm thấy code | H74: Đây là fanpage NPH, không phải game cụ thể — không có code để quét
A75: 72 | B75: Garena Delta Force | C75: Garena | D75: https://www.facebook.com/garenadeltaforcevn | E75: =COUNTA('Tất cả code'!$C$376:$C$386) -> 11 | F75: Có code | G75: Trong game: Sự kiện > Khác > Trung tâm đổi quà; hoặc nhập trên website redeem.df.garena.sg | H75: Trùng mục 32 (Delta Force) - cùng game, sao chép kết quả | I75: https://fptshop.com.vn/tin-tuc/danh-gia/code-delta-force-209456
A76: 73 | B76: Garena Free Fire | C76: Garena (Thiên Bình) | D76: https://www.facebook.com/freefirevn | E76: =COUNTA('Tất cả code'!$C$387:$C$415) -> 29 | F76: Có code | G76: Web: reward.ff.garena.com (đăng nhập tài khoản game → nhập code); hoặc trong game: Sự kiện → Thông báo → Nơi nhập Giftcode → nhập code | H76: Trùng mục 68 (Free Fire) - cùng game, sao chép kết quả | I76: https://codeff.me/
A77: 74 | B77: Genshin Impact | C77: Funtap | D77: https://www.facebook.com/genshinimpact.vi | E77: =COUNTA('Tất cả code'!$C$416:$C$422) -> 7 | F77: Có code | G77: Web: genshin.hoyoverse.com/en/gift (đăng nhập, chọn đúng server/nhân vật); hoặc trong game: Menu Paimon → Cài đặt → Tài khoản → Redeem Code. Yêu cầu Cấp Thám Hiểm 10+ | H77: thethaodientu.net đối chiếu 06/10/2026, 7 code còn dùng được; GENSHINGIFT là code thường trực (tài khoản cũ có thể báo lỗi); các code livestream 7.1 (Rekviem, Vesna0923, PrimaDonna) đã hết hạn 15/09/2026 | I77: https://thethaodientu.net/code-genshin-impact.html
A78: 75 | B78: Girls' Frontline 2: Lưu Đày | C78: THS Game | D78: https://www.facebook.com/gfl2.vn | E78: =COUNTA('Tất cả code'!$C$423:$C$429) -> 7 | F78: Có code | G78: Trong game: Cài đặt (góc dưới trái) → Redeem Code → Apply; hoặc đổi tại webshop chính thức shop.gf2.vn | H78: GFL2VN2026 là code ra mắt máy chủ VN (27/8/2026); GFL2ANNI được nhiều nguồn xác nhận còn hạn 10/2026; các code còn lại từ 9to5gaming cập nhật 10/2026 | I78: https://kenh14.vn/girls-frontline-2-luu-day-chinh-thuc-ra-mat-viet-nam-ngay-27-8-215260829164612186.chn https://9to5gaming.com/girls-frontline-2-codes/ https://www.memuplay.com/blog/girls-frontline-2-exilium-codes.html
A79: 76 | B79: GOSU | C79: GOSU | D79: https://www.facebook.com/cuuam.gosu.vn | E79: =0 -> 0 | F79: Không tìm thấy code | H79: Đây là fanpage NPH, không phải game cụ thể — không có code để quét
A80: 77 | B80: Gun X Mobile | C80: Soha | D80: https://www.facebook.com/gunxmobile.vn | E80: =COUNTA('Tất cả code'!$C$430:$C$436) -> 7 | F80: Có code | H80: Bài cellphones.com.vn từ ~2023, các code khả năng cao đã hết hạn | I80: https://cellphones.com.vn/sforum/code-gun-x-mobile
A81: 78 | B81: Gunny Origin | C81: VNG | D81: https://www.facebook.com/gunnyorigin | E81: =COUNTA('Tất cả code'!$C$437:$C$460) -> 24 | F81: Có code | G81: Truy cập event.zing.vn/gunny-origin/code → đăng nhập → nhập code, chọn nhân vật + máy chủ, điền mã xác thực → nhận thưởng | H81: thegioididong.com đối chiếu 19/09/2026; code GunnyOriginAT2 đã hết hạn; một số code chỉ dùng cho server riêng (GA2THANG9 cho S297, nhóm GAHANHPHUC/GNOTANGCODE cho S169) | I81: https://www.thegioididong.com/game-app/code-gunny-origin-moi-nhat-co-san-code-su-dung-ngay-cach-nhap-1424325
A82: 79 | B82: GunPow | C82: Long Đỉnh (VNG) | D82: https://www.facebook.com/gunpow.360game.vn | E82: =COUNTA('Tất cả code'!$C$461:$C$497) -> 37 | F82: Có code | G82: Trong game: Thiết lập → Đổi quà → nhập code → Đổi; quà về hòm thư ingame (mỗi code dùng 1 lần/tài khoản) | H82: fptshop.com.vn cập nhật 10/2026; A4YPJKTTEG7A là code chính thức từ gunpow.vnggames.com (server mới S485 Boss Gương Mẫu) | I82: https://fptshop.com.vn/tin-tuc/giai-tri/full-code-gunpow-moi-nhat-05-2023-158366 https://gunpow.vnggames.com/event/may-chu-moi-485-boss-guong-mau/tham-gia-ngay-1941.html
A83: 80 | B83: Hải Tặc Tí Hon | C83: TeaMobi | D83: https://www.facebook.com/ht.teamobi | E83: =0 -> 0 | F83: Không tìm thấy code | H83: Không tìm thấy code - chỉ có các trang spam mã ngẫu nhiên (linegames.org), không có code chính thức được ghi nhận | I83: https://www.linegames.org
A84: 81 | B84: Hair Salon / Barber Shop | C84: Bravestars | D84: https://www.facebook.com/fptiscareer | E84: =0 -> 0 | F84: Không tìm thấy code | H84: Không tìm thấy code - chỉ có các trang spam mã ngẫu nhiên (linegames.org), không có hệ thống giftcode chính thức được ghi nhận | I84: https://www.linegames.org
A85: 82 | B85: Hắc Tây Du: Chương Cấm | C85: Funtap | D85: https://www.facebook.com/hactaydufuntap | E85: =COUNTA('Tất cả code'!$C$498:$C$500) -> 3 | F85: Có code | G85: Trong game: Động Thiên → Phúc Lợi → Đổi Phúc Lợi → nhập mã → Nhận; quà về Thư ingame | H85: ALPHA3R6 là code dùng chung từ afkmobi (giai đoạn Alpha Test 23/09/2026); TICAN333, NHICAN222 từ kênh YouTube | I85: https://afkmobi.com/tong-hop-gift-code-game-hac-tay-du-chuong-cam-moi-nhat.html https://www.youtube.com/watch?v=ixZU0w_FYTQ
A86: 83 | B86: Heroes Strike | C86: Wolffun | D86: https://www.facebook.com/wolffungame | E86: =COUNTA('Tất cả code'!$C$501:$C$505) -> 5 | F86: Có code | G86: Trong game: biểu tượng bánh răng (góc trên phải) → Settings → Redeem Code → nhập code → Confirm | H86: Các code theo deliventura.com đều ĐÃ HẾT HẠN (tháng 8/2025); không tìm thấy code mới còn hạn | I86: https://deliventura.com/heroes-strike-modern-moba-codes-update/
A87: 84 | B87: Hiệp Khách Idle | C87: Dzogame | D87: https://www.facebook.com/cuulongchiton.dzogame | E87: =0 -> 0 | F87: Không tìm thấy code | H87: Không tìm thấy code - không có nguồn nào ghi nhận code cho game này (không nhầm với Idle Heroes)
A88: 85 | B88: Hiệp Khách Mobile | C88: Dzogame | D88: https://www.facebook.com/cuulongchiton.dzogame | E88: =COUNTA('Tất cả code'!$C$506:$C$518) -> 13 | F88: Có code | G88: Trong game: Thanh Công Cụ Tổng → Cài Đặt → Thông Tin → Nhập Mã Quà Tặng → Xác Nhận; quà về Hộp Thư | H88: Bài fptshop.com.vn (khoảng đầu 2026), các code có thể đã hết hạn một phần | I88: https://fptshop.com.vn/tin-tuc/giai-tri/code-hiep-khach-mobile-168366
A89: 86 | B89: Hiker Games | C89: Hiker Games | D89: https://www.facebook.com/ptitgames | E89: =0 -> 0 | F89: Không tìm thấy code | H89: Đây là fanpage NPH, không phải game cụ thể — không có code để quét
A90: 87 | B90: Honkai: Star Rail | C90: HoYoverse | D90: https://www.facebook.com/honkaistarrail.vn | E90: =COUNTA('Tất cả code'!$C$519:$C$528) -> 10 | F90: Có code | G90: Web: hsr.hoyoverse.com/gift (đăng nhập, chọn server); hoặc trong game: menu → dấu '...' cạnh Name Card → Redemption Code. iOS chỉ nhập được trên web | H90: gachafeed.moe cập nhật 19/10/2026, 10 code còn dùng được; các code sự kiện cũ (SUNSWEPTROBIN, WAVEFLAIRSTYLE, WA4AV2F24PYX) đã hết hạn | I90: https://gachafeed.moe/hsr/codes/ https://www.radiotimes.com/technology/gaming/honkai-star-rail-codes/
A91: 88 | B91: Hop Ball 3D: Jump On EDM Beat | C91: Amanotes | D91: https://www.facebook.com/magictiles3 | E91: =0 -> 0 | F91: Không tìm thấy code | H91: Không tìm thấy code - chỉ có các trang spam mã ngẫu nhiên (linegames.org), không có hệ thống giftcode chính thức được ghi nhận | I91: https://www.linegames.org
A92: 89 | B92: Hotpot Frenzy | C92: Hiker Games | D92: https://www.facebook.com/ptitgames | E92: =0 -> 0 | F92: Không tìm thấy code | H92: Chưa xác minh - các nguồn code hiện có đều là của game My Hotpot Story (Tiệm Lẩu Đường Hạnh Phúc, khác game), không có code cụ thể cho Hotpot Frenzy của Hiker
A93: 90 | B93: Hơi Thở Hải Tặc | C93: GOSU | D93: https://www.facebook.com/hoithohaitac | E93: =0 -> 0 | F93: Không tìm thấy code | H93: Chưa xác minh - trang chủ hoithohaitac.vn có sự kiện tặng quà (20/10) nhưng chỉ liệt kê tên quà, không có mã code cụ thể được công bố | I93: https://hoithohaitac.vn/articles/su-kien/su-kien-web-tang-qua-my-nhan
A94: 91 | B94: Huyền Thoại Hương Cảng | C94: Velalive | D94: https://www.facebook.com/hthcvn | E94: =0 -> 0 | F94: Không tìm thấy code | H94: Chưa xác minh - afkmobi có bài tổng hợp code nhưng không lấy được danh sách code cụ thể | I94: https://afkmobi.com/game/huyen-thoai-huong-cang
A95: 92 | B95: iCá ZingPlay | C95: ZingPlay (VNG) | D95: https://www.facebook.com/zingplayconggame | E95: =COUNTA('Tất cả code'!$C$529:$C$542) -> 14 | F95: Có code | G95: Đăng nhập trang chủ website iCá → chọn box giftcode bên tay trái → nhập code để nhận quà | H95: Bài salenhanh.com cũ (~2022), các code khả năng cao đã hết hạn | I95: https://salenhanh.com/tong-hop-giftcode-ica-ban-ca-zingplay-vng-moi-nhat/
A96: 93 | B96: iKame Global (Zego Studio) | C96: iKame Global | D96: https://www.facebook.com/mirchifunfb/posts/1099956102845524 | E96: =0 -> 0 | F96: Không tìm thấy code | H96: Đây là fanpage NPH, không phải game cụ thể — không có code để quét
A97: 94 | B97: Khế Ước Rồng | C97: VGP | D97: https://www.facebook.com/kheuocrong | E97: =0 -> 0 | F97: Không tìm thấy code | H97: Chưa xác minh - download.com.vn và afkmobi đều có bài tổng hợp code (NPH VGP) nhưng không lấy được danh sách code cụ thể | I97: https://download.com.vn https://afkmobi.com
A98: 95 | B98: Kiếm Khách Truyền Kỳ | C98: VLG Play | D98: https://www.facebook.com/kiemkhach.truyenky.vlgplay | E98: =0 -> 0 | F98: Không tìm thấy code | H98: Chưa xác minh - download.com.vn và afkmobi đều có bài tổng hợp code (NPH VLG Play, giai đoạn Alpha Test) nhưng không lấy được danh sách code cụ thể | I98: https://download.com.vn https://afkmobi.com
A99: 96 | B99: Kiếm Ma 3D | C99: Funtap | D99: https://www.facebook.com/kiemma3dfuntap | E99: =COUNTA('Tất cả code'!$C$543:$C$547) -> 5 | F99: Có code | H99: Bài tripi.vn cũ, các code khả năng cao đã hết hạn | I99: https://tripi.vn/blog/vi/game-app/kham-pha-giftcode-kiem-ma-3d-mobile-phan-thuong-hap-dan-danh-cho-game-thu-tripi
A100: 97 | B100: Kiếm Rồng VTC Mobile | C100: VTC Mobile | D100: https://www.facebook.com/oeg.vn | E100: =COUNTA('Tất cả code'!$C$548:$C$559) -> 12 | F100: Có code | G100: Truy cập trang web Scoin của VTC Mobile → đăng nhập → mục Giftcode → chọn game Kiếm Rồng → nhập code và xác minh | H100: Bài BlueStacks từ đợt ra mắt game (cũ), các code có thể đã hết hạn | I100: https://Www.bluestacks.com/vi/blog/news/kiem-rong-vtc-redeem-code-vi.html
A101: 98 | B101: Kiếm Thế Origin | C101: VNGGames | D101: https://www.facebook.com/kiemtheorigin | E101: =0 -> 0 | F101: Không tìm thấy code | H101: Chưa xác minh - không tìm được danh sách code cụ thể từ các trang tổng hợp
A102: 99 | B102: Kiếm Thế Origin VNG | C102: VNG | D102: https://www.facebook.com/kiemtheorigin | E102: =0 -> 0 | F102: Không tìm thấy code | H102: Trùng game Kiếm Thế Origin (index 97), cùng fanpage facebook.com/kiemtheorigin
...

Sheet Tất cả code
A1: TẤT CẢ GIFTCODE — 340 GAME (MỖI DÒNG 1 MÃ)
A2: Ô màu vàng ở cột 'Đã nhập?' là ô bạn tự điền: gõ 'x' khi đã nhập mã đó. Cách nhập và ghi chú của từng game xem ở sheet 'Tổng hợp 340 game'.
A3: STT | B3: Tên game | C3: Giftcode | D3: Nhà phát hành | E3: Đã nhập?
A4: 1 | B4: 3Q Đào Đào Đào | C4: 3QDAODAO | D4: CÔNG TY TNHH JOYGAMES
A5: 2 | B5: 3Q Đào Đào Đào | C5: 3QVIP666 | D5: CÔNG TY TNHH JOYGAMES
A6: 3 | B6: 3Q Đào Đào Đào | C6: DAOBAO2026 | D6: CÔNG TY TNHH JOYGAMES
A7: 4 | B7: 3Q Đào Đào Đào | C7: DAODAODAO999 | D7: CÔNG TY TNHH JOYGAMES
A8: 5 | B8: 3Q Đào Đào Đào | C8: GACHA1024 | D8: CÔNG TY TNHH JOYGAMES
A9: 6 | B9: 3Q Đào Đào Đào | C9: TIEUKIEUVIP | D9: CÔNG TY TNHH JOYGAMES
A10: 7 | B10: 3Q Đào Đào Đào | C10: 3QDAODAODTN | D10: CÔNG TY TNHH JOYGAMES
A11: 8 | B11: 3Q Đào Đào Đào | C11: HUYNHPHUONGFAPTV | D11: CÔNG TY TNHH JOYGAMES
A12: 9 | B12: Au 2! | C12: HAPPYVALENTINE | D12: VTC (VTC Intecom & VTC Mobile)
A13: 10 | B13: Au 2! | C13: QUYMAO2023 | D13: VTC (VTC Intecom & VTC Mobile)
A14: 11 | B14: Au 2! | C14: DENBUBAOTRI1202 | D14: VTC (VTC Intecom & VTC Mobile)
A15: 12 | B15: Au 2! | C15: DOUBLEGIFT | D15: VTC (VTC Intecom & VTC Mobile)
... A1891: 1888 | B1891: ZingSpeed Mobile | C1891: SKINT3MAR | D1891: CÔNG TY CỔ PHẦN TẬP ĐOÀN VNG
B1893: Tổng số code: | C1893: =COUNTA(C4:C1891) -> 1888
B1894: Đã nhập: | C1894: =COUNTIF(E4:E1891,"x")+COUNTIF(E4:E1891,"X") -> 0
B1895: Chưa nhập: | C1895: =C1893-C1894 -> 1888

Sheet Tổng hợp code tuần
A1: TỔNG HỢP CODE TUẦN — 340 GAME (QUÉT NGÀY 19/10/2026)
A2: Mỗi dòng là 1 game trong danh sách 340 link Facebook bạn gửi. Cột 'Số code tuần' tự đếm từ sheet 'Code tuần'. Lọc cột 'Trạng thái' = 'Có code tuần' để xem nhanh các game có code tuần. Code tuần phần lớn chỉ đăng trên fanpage/kênh chat và hết hạn nhanh, nên 'Không tìm thấy' nghĩa là không thấy mã công khai ở thời điểm quét, không có nghĩa là game không phát code tuần.
A3: STT | B3: Tên game | C3: Nhà phát hành | D3: Link Facebook (nguồn quét) | E3: Số code tuần | F3: Trạng thái | G3: Cách nhập code | H3: Nguồn tham khảo
A4: 1 | B4: 3Q Đào Đào Đào | C4: CÔNG TY TNHH JOYGAMES | D4: https://www.facebook.com/3qdaodaodao | E4: 0 | F4: Không tìm thấy code tuần | G4: Trong game, bấm vào Avatar ở góc trên bên trái màn hình, mở nút Mã quà ở góc dưới bên phải, nhập mã rồi bấm Xác nhận; quà sẽ được gửi về Thư trong game nếu nhập đúng. | H4: https://afkmobi.com/tong-hop-gift-code-game-3q-dao-dao-dao-joygames-moi-nhat.html https://www.facebook.com/3qdaodaodao/posts/pfbid02jpCcdPn4AAn15v1bgzLtEM52LKBzagEv8Wb5i16fXZexMfCYpSRXowwRkCNDVzxsl
A5: 2 | B5: 3Q Gọi Tướng Đi | C5: CÔNG TY CỔ PHẦN GIẢI TRÍ 568E | D5: https://www.facebook.com/3qgoituongdi | E5: 0 | F5: Không tìm thấy code tuần | G5: Chưa tìm được hướng dẫn nhập code cụ thể cho game này; theo trang hồ sơ game, code được phát qua các kênh/sự kiện của NPH 568Play | H5: https://download.com.vn/s/game+boxing?sort=dateadded&p=217
A6: 3 | B6: Amanotes (Studio Quốc tế) | C6: NPH Chính thức | D6: https://www.facebook.com/magictiles3 | E6: 0 | F6: Không tìm thấy code tuần | G6: Không áp dụng | H6: https://www.appbrain.com/stats/google-play-rankings/top_grossing/music/id
A7: 4 | B7: Anh Hùng Xạ Điêu - Gamota | C7: Gamota | D7: https://www.facebook.com/ahxd.gamota | E7: 0 | F7: Không tìm thấy code tuần | G7: Hoàn thành hướng dẫn tân thủ (đạt level 4), nhấn biểu tượng Settings màu xanh ở góc phải màn hình, nhập giftcode vào ô Gifcode trong bảng Settings (quà sẽ vào hòm đồ) | H7: https://thuthuat.taimienphi.vn/code-anh-hung-xa-dieu-29975n.aspx?ampok=1
A8: 5 | B8: Ảo Mộng Tru Tiên | C8: Công ty Cổ phần Gamota (Thuộc Appota Group) | D8: https://www.facebook.com/aomongtrutien.gamota | E8: 0 | F8: Không tìm thấy code tuần | G8: Chưa xác minh được cách nhập code cụ thể cho game này từ các nguồn uy tín | H8: https://tripi.vn/blog/vi/game-app/ma-code-game-mong-ao-tu-tien-tripi
A9: 6 | B9: Au 2! | C9: Tổng Công ty Truyền thông Đa phương tiện VTC (VTC Intecom & VTC Mobile) | D9: https://www.facebook.com/au2.vtcgame.vn | E9: 0 | F9: Không tìm thấy code tuần | G9: Nhập code trực tiếp trong game trên điện thoại; nên copy code thay vì gõ tay để tránh sai ký tự, nhập sớm vì code thường chỉ có hạn 1-2 tuần, quà sẽ gửi vào hòm thư trong game. | H9: https://www.facebook.com/au2.vtcgame.vn/posts/pfbid02GH7MKQLQV7yhQ8FSRnqx7FSWiiP8QQQTZcFJUVcFePrdiRjvNC4Waf2a9CCiZSX9l
A10: 7 | B10: Audition - Nhịp Điệu Cuộc Sống | C10: Tổng Công ty Truyền thông Đa phương tiện VTC (VTC Intecom & VTC Mobile) | D10: https://www.facebook.com/auditionvtc | E10: 0 | F10: Không tìm thấy code tuần | G10: Đăng nhập game Audition (PC) bằng tài khoản VTC ID, nhập mã vào mục giftcode trong game để nhận thưởng (cách nhập lịch sử của VTC cho bản PC).
A11: 8 | B11: Avatar Bum | C11: Công ty TNHH TeaMobi | D11: https://www.facebook.com/avatar.bum.teamobi | E11: 0 | F11: Không tìm thấy code tuần | G11: Không xác định được do không có nguồn nào cung cấp danh sách code cụ thể cho game này
A12: 9 | B12: Avatar Land / Avatar - Thế Giới Diệu Kỳ | C12: Công ty TNHH TeaMobi | D12: https://www.facebook.com/al.teamobi1 | E12: 0 | F12: Không tìm thấy code tuần | G12: Mở game, bấm vào biểu tượng AVATAR (hoặc vào Hồ sơ/Cài đặt), chọn mục Giftcode/Đổi Code, nhập giftcode vào ô trống rồi bấm Xác nhận; phần thưởng sẽ được gửi vào Hòm thư trong game.
A13: 10 | B13: BangBang Online | C13: Công ty Cổ phần Trực tuyến CMN Việt Nam | D13: https://www.facebook.com/pvtk2.vn | E13: 0 | F13: Không tìm thấy code tuần | G13: Đăng nhập game BangBang Origin > góc phải trên màn hình, dưới thanh menu chọn 'Đổi thưởng HĐ' > chọn 'Nhận Quà' > nhập code và ấn OK
A14: 11 | B14: Beat Jumper - EDM Rush up! | C14: Amanotes Pte. Ltd. / Amanotes Vietnam | D14: https://www.facebook.com/magictiles3 | E14: 0 | F14: Không tìm thấy code tuần | G14: Trong game, vào Avatar/Hồ sơ (Profile)/Cài đặt → chọn Redeem Code → nhập code để đổi quà (gói thưởng).
A15: 12 | B15: Bida ZingPlay (8 Ball / Bida Phỏm) | C15: Công ty TNHH ZingPlay Việt Nam (Thuộc VNG) | D15: https://www.facebook.com/zingplayconggame | E15: 0 | F15: Không tìm thấy code tuần | G15: Mở app Bida ZingPlay, vào giao diện chính chọn mục Giftcode hoặc Nhập mã quà tặng (có thể trong Cài đặt/Hồ sơ), nhập mã vào ô trống và nhấn Nhập mã/Xác nhận; mỗi code chỉ dùng được một lần cho mỗi tài khoản.
A16: 13 | B16: Blade Ball | C16: Nhà Phát Hành Quốc Tế | D16: https://www.facebook.com/bladeballofficial | E16: 0 | F16: Không tìm thấy code tuần | G16: Mở Roblox và vào game Blade Ball, nhấn nút EXTRA ở phía trên màn hình, chọn CODES, nhập code vào ô trống rồi nhấn nút dấu tick để nhận thưởng.
A17: 14 | B17: Bravestars Games | C17: NPH Chính thức | D17: https://www.facebook.com/fptiscareer/posts/122284364222161077 | E17: 0 | F17: Không tìm thấy code tuần
A18: 15 | B18: Capybara Go! | C18: CÔNG TY CỔ PHẦN BLISS | D18: https://www.facebook.com/capybaragoglobal | E18: 0 | F18: Không tìm thấy code tuần | G18: Chạm vào avatar người chơi góc trái màn hình game để xem và sao chép UID, sau đó truy cập trang gift.capybarago.io, nhập UID và code (phân biệt chữ hoa/thường), nhấn đổi. Nếu thành công, nhận thưởng trong hộp Thư (Mail) trong game. | H18: http://www.pocketgamer.com/capybara-go/codes/ https://24hstore.vn/huong-dan-ky-thuat/code-capybara-go-n9888
A19: 16 | B19: Car Race 3D | C19: Công ty Cổ phần iKame (Zego Studio / Begamob) | D19: https://www.facebook.com/mirchifunfb | E19: 0 | F19: Không tìm thấy code tuần | G19: Chưa xác minh được cách nhập; game là tựa hyper-casual đua xe của iKame/Zego Studio, không tìm thấy nguồn chính thức hay trang tổng hợp uy tín nào mô tả chức năng nhập giftcode trong game.
A20: 17 | B20: Câu Cá Vạn Cân | C20: CÔNG TY TNHH THẾ GIỚI MINI | D20: https://www.facebook.com/caucavancan.1 | E20: 0 | F20: Không tìm thấy code tuần | G20: Chưa có nguồn xác minh nào ghi rõ cách nhập code trong game bản mobile của Thế Giới Mini | H20: https://gameorb.io/code-cau-ca-van-can/
A21: 18 | B21: Chỉ Huy Tối Thượng | C21: CÔNG TY CỔ PHẦN GAMOTA | D21: https://www.facebook.com/nph.gamota | E21: 0 | F21: Không tìm thấy code tuần | G21: Trong game bấm vào Avatar ở góc trên bên trái màn hình, mở nút "Đổi" phía dưới, nhập mã rồi bấm "Đổi", quà sẽ được nhận ngay lập tức nếu nhập đúng. | H21: https://afkmobi.com/giftcode/page/3
A22: 19 | B22: Chiến Giới 4D | C22: CÔNG TY CỔ PHẦN TRUYỀN HÌNH TƯƠNG TÁC VIỆT NAM | D22: https://www.facebook.com/chiengioi4d.vplay.vn | E22: =COUNTA('Code tuần'!$C$4:$C$4) -> 1 | F22: Có code tuần | G22: Vào game → Sảnh phúc lợi → chọn mục Đổi → nhập code → Nhận thưởng → quay lại màn hình chính, mở Thư → Nhận nhanh. Yêu cầu: hoàn thành nhiệm vụ tân thủ và nhân vật đạt cấp 30. | H22: https://www.facebook.com/chiengioi.vplay.vn/posts/pfbid0241iY2vuncAJyWUtPYjiCQvud8FxAZgCcivYLuLTiBt6cVqRrLkUG27S3toLFB8pxl
A23: 20 | B23: Chiến Thú Hỗn Chiến | C23: CÔNG TY CỔ PHẦN GAMOTA | D23: https://www.facebook.com/nph.gamota | E23: 0 | F23: Không tìm thấy code tuần | G23: Trong game: chạm Avatar ở màn hình chính → Cài đặt → Mã đổi quà → nhập mã → bấm Nhận; quà sẽ gửi về Thư ingame. Code phân biệt chữ hoa/thường, mỗi mã dùng 1 lần mỗi tài khoản. | H23: https://codemoi.net/games/chien-thu-hon-chien/ https://afkmobi.com/tong-hop-gift-code-game-chien-thu-hon-chien-moi-nhat-trong-thang.html
A24: 21 | B24: Chiến Vì Vinh Quang | C24: CÔNG TY CỔ PHẦN CÔNG NGHỆ SỐ ALO | D24: https://www.facebook.com/oeg.vn | E24: 0 | F24: Không tìm thấy code tuần | G24: Trong game bấm vào Avatar ở góc trên bên trái màn hình, mở nút Giftcode, nhập mã rồi bấm Đổi; quà gửi về Thư trong game (vào Thành Chính để tìm Thư) | H24: https://afkmobi.com/tong-hop-gift-code-game-chien-vi-vinh-quang-moi-nhat.html
A25: 22 | B25: Clash of Critters | C25: CÔNG TY CỔ PHẦN GAMOTA | D25: https://www.facebook.com/nph.gamota | E25: =COUNTA('Code tuần'!$C$5:$C$5) -> 1 | F25: Có code tuần | G25: Trong game: mở menu Bạn bè (biểu tượng hai nhân vật ở góc dưới bên phải) > chọn Cài đặt (biểu tượng bánh răng ở phía trên) > cuộn xuống tìm mục Mã đổi thưởng (Redemption Code) > nhập code chính xác (phân biệt chữ hoa/thường) > nhấn Xác nhận. | H25: https://dienthoaigiakho.vn/tin-cong-nghe/code-clash-of-critters/ https://www.pocketgamer.com/clash-of-critters/codes/ https://ponly.com/clash-of-critters-codes/
A26: 23 | B26: CMN Online | C26: NPH Chính thức | D26: https://www.facebook.com/p/v%c3%b4-c%e1%bb%b1c-ti%c3%aan-%c4%90%e1%bb%93-100090676061593 | E26: 0 | F26: Không tìm thấy code tuần
A27: 24 | B27: CookieRun: Kingdom | C27: Nhà Phát Hành Quốc Tế | D27: https://www.facebook.com/cookierunkingdom | E27: 0 | F27: Không tìm thấy code tuần | G27: Trong game nhấn biểu tượng menu 3 gạch ngang (góc trên bên phải) > Settings > tab Info > sao chép ID người chơi (User Info), sau đó truy cập trang nhập code chính thức của DevPlay (coupon.devplay.com/coupon/ck/en), dán ID và nhập code rồi nhấn Claim Reward. Khởi động lại game, nhận quà trong Thư (biểu tượng phong bì). | H27: https://www.cookiebook.app/kingdom-codes/
A28: 25 | B28: Cơ Giáp Vô Hạn – Gamota | C28: CÔNG TY CỔ PHẦN GAMOTA | D28: https://www.facebook.com/ahxd.gamota https://www.facebook.com/nph.gamota https://www.facebook.com/tieungaogamota | E28: 0 | F28: Không tìm thấy code tuần | G28: Trong game bấm vào Avatar ở góc trên bên trái màn hình, mở nút Mã Quà Tặng, nhập mã rồi bấm Trao Đổi; quà sẽ được gửi về Thư ingame nếu nhập đúng.
A29: 26 | B29: Cờ Tướng ZingPlay | C29: Công ty TNHH ZingPlay Việt Nam (Thuộc VNG) | D29: https://www.facebook.com/zingplayconggame | E29: 0 | F29: Không tìm thấy code tuần | G29: Các game trên nền tảng ZingPlay thường nhập code qua mục Giftcode/Nhập mã quà tặng trong game hoặc ứng dụng ZingPlay; mã chỉ dùng được một lần mỗi tài khoản và có thời hạn.
A30: 27 | B30: Cờ Tỷ Phú ZingPlay | C30: Công ty TNHH ZingPlay Việt Nam (Thuộc VNG) | D30: https://www.facebook.com/zingplayconggame | E30: 0 | F30: Không tìm thấy code tuần | G30: Mở game Cờ Tỷ Phú ZingPlay và đăng nhập tài khoản, nhấn biểu tượng Cài Đặt (bánh răng) trên màn hình chính, chọn mục "Nhập Mã Code" hoặc "Nhập Quà Tặng", nhập chính xác mã code rồi nhấn "Xác nhận"/"Đồng Ý"; sau khi nhập thành công, vào Hòm Thư trong game để nhận phần thưởng.
A31: 28 | B31: Cửu Âm Chân Kinh 2 | C31: Công ty Cổ phần Trực tuyến GOSU | D31: https://www.facebook.com/cuuam.gosu.vn | E31: 0 | F31: Không tìm thấy code tuần | G31: Game phát giftcode riêng cho từng người chơi qua sự kiện, fanpage, diễn đàn và các trang tin game (như 2game.vn); nhập code trong game hoặc qua kênh đổi code chính thức của game theo hướng dẫn sự kiện | H31: https://cuuam.gosu.vn/home/news/su-kien/1710-1910-nap-don-nhan-thuong-thang-102026
A32: 29 | B32: Cửu Âm Chân Kinh Mobile | C32: Công ty Cổ phần Trực tuyến GOSU | D32: https://www.facebook.com/cuuamchankinhmobilegosu | E32: 0 | F32: Không tìm thấy code tuần | G32: Trong game nhấn biểu tượng Phúc Lợi > chọn mục Mã Quà Tặng > nhập chính xác code và nhấn Đổi Thưởng > vào khu vực Thư trong game để mở thư nhận quà.
A33: 30 | B33: Cửu Long Chí Tôn (9Dragons Ultimate) | C33: Công ty TNHH Dzogame (Tiền thân: Asiasoft Việt Nam) | D33: https://www.facebook.com/cuulongchiton.dzogame | E33: 0 | F33: Không tìm thấy code tuần | G33: Đăng nhập vào game, chọn Kỳ Trân Các > chọn Giftcode > nhập code và ấn Nhận thưởng; sau đó quay lại giao diện chính, vào Kỳ Trân Tiêu Cục > chọn quà và nhấn Nhận.
A34: 31 | B34: Dancing Road: Color Ball Run! | C34: Amanotes Pte. Ltd. / Amanotes Vietnam | D34: https://www.facebook.com/magictiles3 | E34: 0 | F34: Không tìm thấy code tuần
A35: 32 | B35: Dead Target: Zombie Games 3D (VNG Studios) | C35: VNG | D35: https://www.facebook.com/deadtarget | E35: 0 | F35: Không tìm thấy code tuần | G35: Trong game: Settings > Redeem Option > nhập code
A36: 33 | B36: Delta Force | C36: Garena (Hòa Thái) | D36: https://www.facebook.com/deltaforcegamevn https://www.facebook.com/garenadeltaforcevn | E36: =COUNTA('Code tuần'!$C$6:$C$12) -> 7 | F36: Có code tuần | G36: Trong game: Sự kiện > Khác > Trung tâm đổi quà; hoặc nhập trên website redeem.df.garena.sg | H36: https://deltaforce.codes/en https://fptshop.com.vn/tin-tuc/giai-tri/code-delta-force-184570
A37: 34 | B37: Dị Giới Sinh Tồn OEG | C37: MKO | D37: https://www.facebook.com/digioisinhtonoeg | E37: 0 | F37: Không tìm thấy code tuần
A38: 35 | B38: Diệt Quỷ Origin | C38: HNXSOFT | D38: https://www.facebook.com/dietquyhnx | E38: 0 | F38: Không tìm thấy code tuần | H38: https://afkmobi.com/game/diet-quy-origin
A39: 36 | B39: Doomsday: Last Survivors | C39: Gamota | D39: https://www.facebook.com/nph.gamota | E39: =COUNTA('Code tuần'!$C$13:$C$15) -> 3 | F39: Có code tuần | G39: Bấm avatar góc trên bên trái → Settings → Gift Code → nhập code → quà về hòm thư ingame | H39: https://www.pocketgamer.com/doomsday-last-survivors/codes/ https://cofregamers.com/en/doomsday-last-survivors-redeem-code-list/
A40: 37 | B40: Duet Cats: Cute Cat Music | C40: Amanotes | D40: https://www.facebook.com/amanotes.duettiles | E40: 0 | F40: Không tìm thấy code tuần
A41: 38 | B41: Duet Tiles - Dual Vocal Game | C41: Amanotes | D41: https://www.facebook.com/amanotes.duettiles | E41: 0 | F41: Không tìm thấy code tuần
A42: 39 | B42: Đạo Hữu Xin Dừng Bước | C42: JOYGAMES | D42: https://www.facebook.com/daohuuxindungbuoc.vn | E42: =COUNTA('Code tuần'!$C$16:$C$16) -> 1 | F42: Có code tuần | H42: https://www.facebook.com/daohuuxindungbuoc.vn/posts/pfbid0FDWoi9NB7y5Uw4jQnhxAodWR8dBuAJ2kF1pgmeYZivCMJ1f67vpjUfnqEuHTDoPGl
A43: 40 | B43: Đảo Sinh Tồn 3D | C43: MKO | D43: https://www.facebook.com/oeg.vn | E43: 0 | F43: Không tìm thấy code tuần
A44: 41 | B44: Đấu La Đại Lục | C44: FUNTAP | D44: https://www.facebook.com/soulland.vn | E44: 0 | F44: Không tìm thấy code tuần | G44: Nhấn Avatar góc trên bên trái → Trung tâm người dùng → Trao đổi mã quà tặng → nhập code → Đổi ngay
A45: 42 | B45: Đấu La Đại Lục: Hồn Sư Đối Quyết | C45: Funtap Games (Playfun) | D45: https://www.facebook.com/soulland.vn | E45: 0 | F45: Không tìm thấy code tuần | G45: Bấm biểu tượng Funtap góc trái màn hình → Trao Đổi Mã Quà → nhập GiftCode + mã xác minh → Đổi Ngay; quà về Túi Đồ
A46: 43 | B46: Đấu La Đại Lục: Thế Giới Săn Hồn | C46: FUNTAP GAMES | D46: https://www.facebook.com/dauladailuc3d.vn | E46: 0 | F46: Không tìm thấy code tuần
A47: 44 | B47: Đấu Phá Thương Khung 2D | C47: Gamota | D47: https://www.facebook.com/nph.gamota | E47: 0 | F47: Không tìm thấy code tuần
A48: 45 | B48: Đấu Trường Chân Lý (Teamfight Tactics) | C48: VNGGames | D48: https://www.facebook.com/dtclvn | E48: 0 | F48: Không tìm thấy code tuần
A49: 46 | B49: Đấu Trường Onmyoji (Âm Dương Sư MOBA) | C49: Dzogame | D49: https://www.facebook.com/on.dzogame | E49: 0 | F49: Không tìm thấy code tuần
A50: 47 | B50: Độc Cô Kỳ Hiệp (Võ Lâm Kỳ Hiệp) | C50: Gamota | D50: https://www.facebook.com/doccokyhiep.gamota | E50: 0 | F50: Không tìm thấy code tuần | G50: Đạt cấp 54 → Phúc Lợi → Đổi Quà → nhập code → Nhận Phần Thưởng; quà về Thư trong mục Bạn Bè
A51: 48 | B51: Đội Tướng Nhí Nhố | C51: KAN | D51: https://www.facebook.com/doituongnhinho | E51: 0 | F51: Không tìm thấy code tuần
A52: 49 | B52: Đột Kích (CrossFire) | C52: VTC | D52: https://www.facebook.com/cfvietnamvtc | E52: 0 | F52: Không tìm thấy code tuần
A53: 50 | B53: EA Sports FC Mobile VN | C53: Garena | D53: https://www.facebook.com/easfcmobilevn | E53: =COUNTA('Code tuần'!$C$17:$C$19) -> 3 | F53: Có code tuần | G53: Bản Garena: màn hình chính → Khu Phức Hợp (góc dưới trái) → Nơi Nhập Giftcode → Xác Nhận; bản Quốc tế: nhập trên redeem.fcm.ea.com | H53: https://www.pocketgamer.com/ea-sports-fc-mobile-24/codes/ https://www.eldorado.gg/blog/ea-fc-26-en/fc-mobile-redeem-codes/
A54: 51 | B54: EA Sports FC Online | C54: Garena | D54: https://www.facebook.com/easportsfconlinevn | E54: 0 | F54: Không tìm thấy code tuần | G54: Nhập code trên trang sự kiện chính thức fconline.garena.vn
A55: 52 | B55: Fanpage Amanotes (Studio Quốc tế) | C55: Amanotes | D55: https://www.facebook.com/magictiles3 | E55: 0 | F55: Không tìm thấy code tuần
A56: 53 | B56: Fanpage Bravestars Games | C56: Bravestars Games | D56: https://www.facebook.com/fptiscareer/posts/122284364222161077 | E56: 0 | F56: Không tìm thấy code tuần
A57: 54 | B57: Fanpage CMN Online | C57: CMN Online | D57: https://www.facebook.com/p/v%c3%b4-c%e1%bb%b1c-ti%c3%aan-%c4%90%e1%bb%93-100090676061593 | E57: 0 | F57: Không tìm thấy code tuần
A58: 55 | B58: Fanpage Dzogame | C58: Dzogame | D58: https://www.facebook.com/cuulongchiton.dzogame | E58: 0 | F58: Không tìm thấy code tuần
A59: 56 | B59: Fanpage Gamota | C59: Gamota | D59: https://www.facebook.com/tieungaogamota | E59: 0 | F59: Không tìm thấy code tuần
A60: 57 | B60: Fanpage Garena (Vietnam Esports) | C60: Garena (Vietnam Esports) | D60: https://www.facebook.com/garenacareers | E60: 0 | F60: Không tìm thấy code tuần
A61: 58 | B61: Fanpage GOSU | C61: GOSU | D61: https://www.facebook.com/cuuam.gosu.vn | E61: 0 | F61: Không tìm thấy code tuần
A62: 59 | B62: Fanpage Hiker Games | C62: Hiker Games | D62: https://www.facebook.com/ptitgames | E62: 0 | F62: Không tìm thấy code tuần
A63: 60 | B63: Fanpage iKame Global (Zego Studio) | C63: iKame Global (Zego Studio) | D63: https://www.facebook.com/mirchifunfb/posts/1099956102845524 | E63: 0 | F63: Không tìm thấy code tuần
A64: 61 | B64: Fanpage SohaGame | C64: SohaGame | D64: https://www.facebook.com/sohagame | E64: 0 | F64: Không tìm thấy code tuần
A65: 62 | B65: Fanpage TeaMobi (Gomobi) | C65: TeaMobi (Gomobi) | D65: https://www.facebook.com/teamobi | E65: 0 | F65: Không tìm thấy code tuần
A66: 63 | B66: Fanpage Topebox | C66: Topebox | D66: https://www.facebook.com/topebox | E66: 0 | F66: Không tìm thấy code tuần
... A69: 66 | B69: Fanpage ZingPlay | C69: ZingPlay | D69: https://www.facebook.com/zingplayconggame | E69: 0 | F69: Không tìm thấy code tuần
A70: 67 | B70: Farm City: Farming & Building | C70: Công ty Cổ phần iKame (Zego Studio / Begamob) | D70: https://www.facebook.com/mirchifunfb | E70: 0 | F70: Không tìm thấy code tuần | G70: Trong game: bấm biểu tượng bánh răng (góc trên phải) → tab Promo Code → nhập code
A71: 68 | B71: FC Mobile VN | C71: CÔNG TY CỔ PHẦN GIẢI TRÍ VÀ THỂ THAO ĐIỆN TỬ VIỆT NAM | D71: https://www.facebook.com/easfcmobilevn https://www.facebook.com/easportsfcmobilevn | E71: =COUNTA('Code tuần'!$C$20:$C$21) -> 2 | F71: Có code tuần | G71: Bản Garena: màn hình chính → Khu Phức Hợp (góc dưới trái) → Nơi Nhập Giftcode → Xác Nhận; bản Quốc tế: nhập trên redeem.fcm.ea.com | H71: http://quantrimang.com/cong-nghe/code-fc-mobile-205422
A72: 69 | B72: Free Fire | C72: CÔNG TY TNHH DỊCH VỤ PHẦN MỀM THIÊN BÌNH | D72: https://www.facebook.com/freefirevn | E72: =COUNTA('Code tuần'!$C$22:$C$26) -> 5 | F72: Có code tuần | G72: Web: reward.ff.garena.com (đăng nhập tài khoản game → nhập code); hoặc trong game: Sự kiện → Thông báo → Nơi nhập Giftcode → nhập code | H72: https://24hstore.vn/huong-dan-ky-thuat/code-free-fire-n8358?srsltid=AfmBOopIXjVy2bnw7sPX1H_oOWSruCNvFjhKVKuE49fsHqdtk4uVmmgO
A73: 70 | B73: Gamota (The Ants) | C73: NPH Chính thức | D73: https://www.facebook.com/theantsvn | E73: 0 | F73: Không tìm thấy code tuần | G73: Bấm avatar góc trên bên trái → Settings → Redeem Code → nhập code → Confirm; quà về hòm thư ingame
A74: 71 | B74: Garena (Vietnam Esports) | C74: NPH Chính thức | D74: https://www.facebook.com/garenacareers | E74: 0 | F74: Không tìm thấy code tuần
A75: 72 | B75: Garena Delta Force | C75: Garena (Vietnam Esports) | D75: https://www.facebook.com/garenadeltaforcevn | E75: =COUNTA('Code tuần'!$C$27:$C$27) -> 1 | F75: Có code tuần | G75: Trong game: Sự kiện > Khác > Trung tâm đổi quà; hoặc nhập trên website redeem.df.garena.sg | H75: https://fptshop.com.vn/tin-tuc/giai-tri/code-delta-force-184570
A76: 73 | B76: Garena Free Fire | C76: Garena (Vietnam Esports) | D76: https://www.facebook.com/freefirevn | E76: =COUNTA('Code tuần'!$C$28:$C$30) -> 3 | F76: Có code tuần | G76: Web: reward.ff.garena.com (đăng nhập tài khoản game → nhập code); hoặc trong game: Sự kiện → Thông báo → Nơi nhập Giftcode → nhập code | H76: https://24hstore.vn/huong-dan-ky-thuat/code-free-fire-n8358?srsltid=AfmBOopIXjVy2bnw7sPX1H_oOWSruCNvFjhKVKuE49fsHqdtk4uVmmgO
A77: 74 | B77: Genshin Impact | C77: CÔNG TY CỔ PHẦN FUNTAP GAMES | D77: https://www.facebook.com/genshinimpact.vi | E77: =COUNTA('Code tuần'!$C$31:$C$33) -> 3 | F77: Có code tuần | G77: Web: genshin.hoyoverse.com/en/gift (đăng nhập, chọn đúng server/nhân vật); hoặc trong game: Menu Paimon → Cài đặt → Tài khoản → Redeem Code. Yêu cầu Cấp Thám Hiểm 10+ | H77: https://www.pocketgamer.com/genshin-impact/codes/
A78: 75 | B78: Girls' Frontline 2: Lưu Đày | C78: CÔNG TY CỔ PHẦN THS GAME | D78: https://www.facebook.com/gfl2.vn | E78: =COUNTA('Code tuần'!$C$34:$C$34) -> 1 | F78: Có code tuần | G78: Trong game: Cài đặt (góc dưới trái) → Redeem Code → Apply; hoặc đổi tại webshop chính thức shop.gf2.vn | H78: https://www.memuplay.com/blog/girls-frontline-2-exilium-codes.html
A79: 76 | B79: GOSU | C79: NPH Chính thức | D79: https://www.facebook.com/cuuam.gosu.vn | E79: 0 | F79: Không tìm thấy code tuần
A80: 77 | B80: Gun X Mobile | C80: CÔNG TY TNHH SOHA | D80: https://www.facebook.com/gunxmobile.vn | E80: 0 | F80: Không tìm thấy code tuần
A81: 78 | B81: Gunny Origin | C81: CÔNG TY CỔ PHẦN TẬP ĐOÀN VNG | D81: https://www.facebook.com/gunnyorigin | E81: 0 | F81: Không tìm thấy code tuần | G81: Truy cập event.zing.vn/gunny-origin/code → đăng nhập → nhập code, chọn nhân vật + máy chủ, điền mã xác thực → nhận thưởng
A82: 79 | B82: GunPow | C82: CÔNG TY TNHH GIẢI TRÍ LONG ĐỈNH | D82: https://www.facebook.com/gunpow.360game.vn | E82: 0 | F82: Không tìm thấy code tuần | G82: Trong game: Thiết lập → Đổi quà → nhập code → Đổi; quà về hòm thư ingame (mỗi code dùng 1 lần/tài khoản)
A83: 80 | B83: Hải Tặc Tí Hon | C83: Công ty TNHH TeaMobi | D83: https://www.facebook.com/ht.teamobi | E83: 0 | F83: Không tìm thấy code tuần
A84: 81 | B84: Hair Salon / Barber Shop | C84: Công ty Cổ phần Bravestars | D84: https://www.facebook.com/fptiscareer | E84: 0 | F84: Không tìm thấy code tuần
A85: 82 | B85: Hắc Tây Du: Chương Cấm | C85: CÔNG TY CỔ PHẦN FUNTAP GAMES | D85: https://www.facebook.com/hactaydufuntap | E85: 0 | F85: Không tìm thấy code tuần | G85: Trong game: Động Thiên → Phúc Lợi → Đổi Phúc Lợi → nhập mã → Nhận; quà về Thư ingame
A86: 83 | B86: Heroes Strike | C86: Công ty TNHH Wolffun | D86: https://www.facebook.com/wolffungame | E86: 0 | F86: Không tìm thấy code tuần | G86: Trong game: biểu tượng bánh răng (góc trên phải) → Settings → Redeem Code → nhập code → Confirm
A87: 84 | B87: Hiệp Khách Idle | C87: Công ty TNHH Dzogame (Tiền thân: Asiasoft Việt Nam) | D87: https://www.facebook.com/cuulongchiton.dzogame | E87: 0 | F87: Không tìm thấy code tuần
A88: 85 | B88: Hiệp Khách Mobile | C88: Công ty TNHH Dzogame | D88: https://www.facebook.com/cuulongchiton.dzogame | E88: 0 | F88: Không tìm thấy code tuần | G88: Trong game: Thanh Công Cụ Tổng → Cài Đặt → Thông Tin → Nhập Mã Quà Tặng → Xác Nhận; quà về Hộp Thư
A89: 86 | B89: Hiker Games | C89: NPH Chính thức | D89: https://www.facebook.com/ptitgames | E89: 0 | F89: Không tìm thấy code tuần
A90: 87 | B90: Honkai: Star Rail | C90: Nhà Phát Hành Quốc Tế | D90: https://www.facebook.com/honkaistarrail.vn | E90: =COUNTA('Code tuần'!$C$35:$C$45) -> 11 | F90: Có code tuần | G90: Web: hsr.hoyoverse.com/gift (đăng nhập, chọn server); hoặc trong game: menu → dấu '...' cạnh Name Card → Redemption Code. iOS chỉ nhập được trên web | H90: https://www.radiotimes.com/technology/gaming/honkai-star-rail-codes/
A91: 88 | B91: Hop Ball 3D: Jump On EDM Beat | C91: Amanotes | D91: https://www.facebook.com/magictiles3 | E91: 0 | F91: Không tìm thấy code tuần
A92: 89 | B92: Hotpot Frenzy | C92: Hiker Games | D92: https://www.facebook.com/ptitgames | E92: 0 | F92: Không tìm thấy code tuần
A93: 90 | B93: Hơi Thở Hải Tặc | C93: GOSU | D93: https://www.facebook.com/hoithohaitac | E93: 0 | F93: Không tìm thấy code tuần
A94: 91 | B94: Huyền Thoại Hương Cảng | C94: Velalive | D94: https://www.facebook.com/hthcvn | E94: 0 | F94: Không tìm thấy code tuần
A95: 92 | B95: iCá ZingPlay | C95: ZingPlay Việt Nam (VNG) | D95: https://www.facebook.com/zingplayconggame | E95: =COUNTA('Code tuần'!$C$46:$C$53) -> 8 | F95: Có code tuần | G95: Đăng nhập trang chủ website iCá → chọn box giftcode bên tay trái → nhập code để nhận quà | H95: https://www.linegames.org/es/ic%C3%A1-b%E1%BA%AFn-c%C3%A1-zingplay-vng-codes/
A96: 93 | B96: iKame Global (Zego Studio) | C96: NPH Chính thức | D96: https://www.facebook.com/mirchifunfb/posts/1099956102845524 | E96: 0 | F96: Không tìm thấy code tuần
A97: 94 | B97: Khế Ước Rồng | C97: VGP | D97: https://www.facebook.com/kheuocrong | E97: 0 | F97: Không tìm thấy code tuần
A98: 95 | B98: Kiếm Khách Truyền Kỳ | C98: Việt Long Game Play | D98: https://www.facebook.com/kiemkhach.truyenky.vlgplay | E98: =COUNTA('Code tuần'!$C$54:$C$64) -> 11 | F98: Có code tuần | H98: https://afkmobi.com/tong-hop-gift-code-game-kiem-khach-truyen-ky-moi-nhat.html
A99: 96 | B99: Kiếm Ma 3D | C99: Funtap | D99: https://www.facebook.com/kiemma3dfuntap | E99: 0 | F99: Không tìm thấy code tuần | H99: https://tripi.vn/blog/vi/game-app/kham-pha-giftcode-kiem-ma-3d-mobile-phan-thuong-hap-dan-danh-cho-game-thu-tripi
A100: 97 | B100: Kiếm Rồng VTC Mobile | C100: MKO | D100: https://www.facebook.com/oeg.vn | E100: 0 | F100: Không tìm thấy code tuần | G100: Truy cập trang web Scoin của VTC Mobile → đăng nhập → mục Giftcode → chọn game Kiếm Rồng → nhập code và xác minh | H100: https://mytour.vn/en/blog/bai-viet/discover-the-latest-2023-updates-for-dragon-sword-vtc-how-to-redeem-codes.html
A101: 98 | B101: Kiếm Thế Origin | C101: VNGGames & VNG Game Studios | D101: https://www.facebook.com/kiemtheorigin | E101: =COUNTA('Code tuần'!$C$65:$C$82) -> 18 | F101: Có code tuần | H101: https://hoanghamobile.com/tin-tuc/code-kiem-the-origin/
A102: 99 | B102: Kiếm Thế Origin VNG | C102: VNG | D102: https://www.facebook.com/kiemtheorigin | E102: =COUNTA('Code tuần'!$C$83:$C$100) -> 18 | F102: Có code tuần | H102: https://hoanghamobile.com/tin-tuc/code-kiem-the-origin/
...

Sheet Code tuần
A1: CODE TUẦN — 340 GAME (QUÉT NGÀY 19/10/2026)
A2: Mỗi dòng là 1 mã code tuần / code đầu tuần / code cuối tuần / quà hằng tuần tìm thấy công khai hôm nay. Code tuần hết hạn rất nhanh (thường vài ngày) — hãy nhập sớm. Ô màu vàng ở cột 'Đã nhập?' để bạn gõ 'x' đánh dấu. Hạn dùng và ghi chú lấy nguyên từ nguồn quét; ô trống nghĩa là nguồn không công bố hạn dùng cụ thể.
A3: STT | B3: Tên game | C3: Code tuần | D3: Nhà phát hành | E3: Hạn dùng | F3: Ghi chú | G3: Nguồn | H3: Đã nhập?
A4: 1 | B4: Chiến Giới 4D | C4: TETTRUNGCUU99 | D4: CÔNG TY CỔ PHẦN TRUYỀN HÌNH TƯƠNG TÁC VIỆT NAM | F4: code cuối tuần (weekend code) do fanpage chính thức 'Chiến Giới 4D - Vplay' (đã xác minh, 47K followers) đăng tặng ngày 18/10/2026; chưa xác định có định kỳ hàng tuần — không nên nhập như code tuần chắc chắn | G4: https://www.facebook.com/chiengioi.vplay.vn/posts/pfbid0241iY2vuncAJyWUtPYjiCQvud8FxAZgCcivYLuLTiBt6cVqRrLkUG27S3toLFB8pxl
A5: 2 | B5: Clash of Critters | C5: WEEKLYGIFT | D5: CÔNG TY CỔ PHẦN GAMOTA | F5: mã code tên 'weeklygift' được mô tả là 'Quà tặng hằng tuần' trên dienthoaigiakho.vn và liệt kê là active trên pocketgamer.com/ponly.com; phần thưởng theo ponly.com: 50 Pinball + 5 Tatari Capsules | G5: https://dienthoaigiakho.vn/tin-cong-nghe/code-clash-of-critters/ https://www.pocketgamer.com/clash-of-critters/codes/ https://ponly.com/clash-of-critters-codes/
A6: 3 | B6: Delta Force | C6: 8255 | D6: Garena (Hòa Thái) | E6: Cập nhật ngày 19/10/2026 | F6: Mã cửa map Zero Dam (chế độ Operations); mã cửa xoay định kỳ theo ngày, không phải giftcode | G6: https://deltaforce.codes/en https://fptshop.com.vn/tin-tuc/giai-tri/code-delta-force-184570
A7: 4 | B7: Delta Force | C7: 4134 | D7: Garena (Hòa Thái) | E7: Cập nhật ngày 19/10/2026 | F7: Mã cửa map Layali Grove (chế độ Operations) | G7: https://deltaforce.codes/en https://fptshop.com.vn/tin-tuc/giai-tri/code-delta-force-184570
A8: 5 | B8: Delta Force | C8: 6279 | D8: Garena (Hòa Thái) | E8: Cập nhật ngày 19/10/2026 | F8: Mã cửa map Brakkesh (chế độ Operations) | G8: https://deltaforce.codes/en https://fptshop.com.vn/tin-tuc/giai-tri/code-delta-force-184570
A9: 6 | B9: Delta Force | C9: 0111 | D9: Garena (Hòa Thái) | E9: Cập nhật ngày 19/10/2026 | F9: Mã cửa map Space City (chế độ Operations) | G9: https://deltaforce.codes/en https://fptshop.com.vn/tin-tuc/giai-tri/code-delta-force-184570
A10: 7 | B10: Delta Force | C10: 5926 | D10: Garena (Hòa Thái) | E10: Cập nhật ngày 19/10/2026 | F10: Mã cửa map Tide Prison (chế độ Operations) | G10: https://deltaforce.codes/en https://fptshop.com.vn/tin-tuc/giai-tri/code-delta-force-184570
A11: 8 | B11: Delta Force | C11: 7425 | D11: Garena (Hòa Thái) | E11: Cập nhật ngày 19/10/2026 | F11: Mã cửa map AZ3 (chế độ Operations) | G11: https://deltaforce.codes/en https://fptshop.com.vn/tin-tuc/giai-tri/code-delta-force-184570
A12: 9 | B12: Delta Force | C12: WELCOMETODF | D12: Garena (Hòa Thái) | E12: 25/10/2026 | F12: Giftcode sự kiện (không phải code tuần): tặng gói M4A1 cao cấp đầy đủ; số lượt giới hạn, có thể hết sớm hơn ngày ghi | G12: https://deltaforce.codes/en https://fptshop.com.vn/tin-tuc/giai-tri/code-delta-force-184570
A13: 10 | B13: Doomsday: Last Survivors | C13: DLSWORLDRECORD | D13: Gamota | E13: 31/12/2026 | F13: Mã mới thêm vào danh sách active ngày 18/10/2026 | G13: https://www.pocketgamer.com/doomsday-last-survivors/codes/ https://cofregamers.com/en/doomsday-last-survivors-redeem-code-list/
A14: 11 | B14: Doomsday: Last Survivors | C14: THX2ALL2026WCS | D14: Gamota | E14: Không rõ | F14: Mã mới thêm vào danh sách active ngày 18/10/2026 | G14: https://www.pocketgamer.com/doomsday-last-survivors/codes/ https://cofregamers.com/en/doomsday-last-survivors-redeem-code-list/
A15: 12 | B15: Doomsday: Last Survivors | C15: DLSFAIRYTAIL | D15: Gamota | E15: Không rõ | F15: Mã mới thêm vào danh sách active ngày 18/10/2026 | G15: https://www.pocketgamer.com/doomsday-last-survivors/codes/ https://cofregamers.com/en/doomsday-last-survivors-redeem-code-list/
A16: 13 | B16: Đạo Hữu Xin Dừng Bước | C16: DHVUIVE11 | D16: JOYGAMES | E16: Không rõ | F16: Code sự kiện 'Cơ Duyên Ban Phúc' trên fanpage chính thức của game, bài đăng ngày 12/10/2026. Trên ảnh ghi 'THIÊN CƠ LỆNH DHVUIVE11' (THIÊN CƠ LỆNH có thể là tên quà, mã nhập có thể là DHVUIVE11); không phải code ghi rõ 'tuần', và hiệu lực có thể đã hết sau 12/10/2026. | G16: https://www.facebook.com/daohuuxindungbuoc.vn/posts/pfbid0FDWoi9NB7y5Uw4jQnhxAodWR8dBuAJ2kF1pgmeYZivCMJ1f67vpjUfnqEuHTDoPGl
A17: 14 | B17: EA Sports FC Mobile VN | C17: PUMPKINSPICEPACK | D17: Garena | E17: Code FC Mobile thường có hạn vài ngày — nhập càng sớm càng tốt | F17: Quà cầu thủ 116-119 OVR; code mới theo cập nhật 18/10/2026 | G17: https://www.pocketgamer.com/ea-sports-fc-mobile-24/codes/ https://www.eldorado.gg/blog/ea-fc-26-en/fc-mobile-redeem-codes/
... A19: 16 | B19: EA Sports FC Mobile VN | C19: GARUDAJUARA | D19: Garena | E19: Code FC Mobile thường có hạn vài ngày — nhập càng sớm càng tốt | F19: Item Pack (2000 Gems); đang active theo cập nhật 18/10/2026 | G19: https://www.pocketgamer.com/ea-sports-fc-mobile-24/codes/ https://www.eldorado.gg/blog/ea-fc-26-en/fc-mobile-redeem-codes/
A20: 17 | B20: FC Mobile VN | C20: PUMPKINSPICEPACK | D20: CÔNG TY CỔ PHẦN GIẢI TRÍ VÀ THỂ THAO ĐIỆN TỬ VIỆT NAM | F20: Code mới nhất 10/2026, quà Anniversary Player | G20: http://quantrimang.com/cong-nghe/code-fc-mobile-205422
A21: 18 | B21: FC Mobile VN | C21: MULLERTIME | D21: CÔNG TY CỔ PHẦN GIẢI TRÍ VÀ THỂ THAO ĐIỆN TỬ VIỆT NAM | F21: Code mới nhất 10/2026, quà cầu thủ Müller | G21: http://quantrimang.com/cong-nghe/code-fc-mobile-205422
A22: 19 | B22: Free Fire | C22: FFMCLJESSCR7 | D22: CÔNG TY TNHH DỊCH VỤ PHẦN MỀM THIÊN BÌNH | F22: Code ngày FF, cập nhật 18/10/2026 - thùng vũ khí, 2x MP40 | G22: https://24hstore.vn/huong-dan-ky-thuat/code-free-fire-n8358?srsltid=AfmBOopIXjVy2bnw7sPX1H_oOWSruCNvFjhKVKuE49fsHqdtk4uVmmgO
A23: 20 | B23: Free Fire | C23: HZRGAHAS5XQY | D23: CÔNG TY TNHH DỊCH VỤ PHẦN MỀM THIÊN BÌNH | F23: Code ngày FF, cập nhật 18/10/2026 - voucher quay | G23: https://24hstore.vn/huong-dan-ky-thuat/code-free-fire-n8358?srsltid=AfmBOopIXjVy2bnw7sPX1H_oOWSruCNvFjhKVKuE49fsHqdtk4uVmmgO
A24: 21 | B24: Free Fire | C24: FFMC6UR5ZNJQ | D24: CÔNG TY TNHH DỊCH VỤ PHẦN MỀM THIÊN BÌNH | F24: Code ngày FF, cập nhật 18/10/2026 - thùng vũ khí | G24: https://24hstore.vn/huong-dan-ky-thuat/code-free-fire-n8358?srsltid=AfmBOopIXjVy2bnw7sPX1H_oOWSruCNvFjhKVKuE49fsHqdtk4uVmmgO
A25: 22 | B25: Free Fire | C25: FFMCF8XLVNKC | D25: CÔNG TY TNHH DỊCH VỤ PHẦN MỀM THIÊN BÌNH | F25: Code ngày FF, cập nhật 18/10/2026 - thùng Death's Eye | G25: https://24hstore.vn/huong-dan-ky-thuat/code-free-fire-n8358?srsltid=AfmBOopIXjVy2bnw7sPX1H_oOWSruCNvFjhKVKuE49fsHqdtk4uVmmgO
A26: 23 | B26: Free Fire | C26: FFMC2SJLKXSB | D26: CÔNG TY TNHH DỊCH VỤ PHẦN MỀM THIÊN BÌNH | F26: Code ngày FF, cập nhật 18/10/2026 - thùng Scorching Sands | G26: https://24hstore.vn/huong-dan-ky-thuat/code-free-fire-n8358?srsltid=AfmBOopIXjVy2bnw7sPX1H_oOWSruCNvFjhKVKuE49fsHqdtk4uVmmgO
A27: 24 | B27: Garena Delta Force | C27: WELCOMETODF | D27: Garena (Vietnam Esports) | E27: 25/10/2026 | F27: Code sự kiện (không phải code tuần định kỳ), còn hiệu lực tuần này - gói M4A1 | G27: https://fptshop.com.vn/tin-tuc/giai-tri/code-delta-force-184570
A28: 25 | B28: Garena Free Fire | C28: FFMCLJESSCR7 | D28: Garena (Vietnam Esports) | F28: Code ngày FF, cập nhật 18/10/2026 - thùng vũ khí, 2x MP40 | G28: https://24hstore.vn/huong-dan-ky-thuat/code-free-fire-n8358?srsltid=AfmBOopIXjVy2bnw7sPX1H_oOWSruCNvFjhKVKuE49fsHqdtk4uVmmgO
A29: 26 | B29: Garena Free Fire | C29: HZRGAHAS5XQY | D29: Garena (Vietnam Esports) | F29: Code ngày FF, cập nhật 18/10/2026 - voucher quay | G29: https://24hstore.vn/huong-dan-ky-thuat/code-free-fire-n8358?srsltid=AfmBOopIXjVy2bnw7sPX1H_oOWSruCNvFjhKVKuE49fsHqdtk4uVmmgO
A30: 27 | B30: Garena Free Fire | C30: FFMC6UR5ZNJQ | D30: Garena (Vietnam Esports) | F30: Code ngày FF, cập nhật 18/10/2026 - thùng vũ khí | G30: https://24hstore.vn/huong-dan-ky-thuat/code-free-fire-n8358?srsltid=AfmBOopIXjVy2bnw7sPX1H_oOWSruCNvFjhKVKuE49fsHqdtk4uVmmgO
A31: 28 | B31: Genshin Impact | C31: VesnaOnPatrol | D31: CÔNG TY CỔ PHẦN FUNTAP GAMES | E31: 22/10/2026 | F31: Code sự kiện/collab (không phải code tuần định kỳ) - 40 Primogems | G31: https://www.pocketgamer.com/genshin-impact/codes/
A32: 29 | B32: Genshin Impact | C32: EPIC2026 | D32: CÔNG TY CỔ PHẦN FUNTAP GAMES | F32: Code sự kiện/collab - 40 Primogems | G32: https://www.pocketgamer.com/genshin-impact/codes/
A33: 30 | B33: Genshin Impact | C33: OPERACOLLAB | D33: CÔNG TY CỔ PHẦN FUNTAP GAMES | F33: Code sự kiện/collab - 30 Primogems | G33: https://www.pocketgamer.com/genshin-impact/codes/
A34: 31 | B34: Girls' Frontline 2: Lưu Đày | C34: GFL2ANNI | D34: CÔNG TY CỔ PHẦN THS GAME | F34: Code sự kiện đang hoạt động (memuplay kiểm chứng) - Collapse Piece, Sardis Gold | G34: https://www.memuplay.com/blog/girls-frontline-2-exilium-codes.html
A35: 32 | B35: Honkai: Star Rail | C35: RT4BPNA8FBS3 | D35: Nhà Phát Hành Quốc Tế | E35: chưa rõ | F35: Code toàn cầu (global), bài tổng hợp cập nhật ~17/10/2026; 50 Stellar Jade + 10k Credits | G35: https://www.radiotimes.com/technology/gaming/honkai-star-rail-codes/
A36: 33 | B36: Honkai: Star Rail | C36: PEARLAPPRAISE | D36: Nhà Phát Hành Quốc Tế | E36: chưa rõ | F36: Code toàn cầu (global), bài tổng hợp cập nhật ~17/10/2026; 3 Traveler's Guides + 2 Cold Jokes | G36: https://www.radiotimes.com/technology/gaming/honkai-star-rail-codes/
A37: 34 | B37: Honkai: Star Rail | C37: WA4AV2F24PYX | D37: Nhà Phát Hành Quốc Tế | E37: chưa rõ | F37: Code toàn cầu (global), bài tổng hợp cập nhật ~17/10/2026; 50 Stellar Jade + 10k Credits | G37: https://www.radiotimes.com/technology/gaming/honkai-star-rail-codes/
A38: 35 | B38: Honkai: Star Rail | C38: WAVEFLAIRSTYLE | D38: Nhà Phát Hành Quốc Tế | E38: chưa rõ | F38: Code toàn cầu (global), bài tổng hợp cập nhật ~17/10/2026; 3 Traveler's Guides + 2 Speeding Jet Surfboards | G38: https://www.radiotimes.com/technology/gaming/honkai-star-rail-codes/
A39: 36 | B39: Honkai: Star Rail | C39: SunsweptRobin | D39: Nhà Phát Hành Quốc Tế | E39: chưa rõ | F39: Code toàn cầu (global), bài tổng hợp cập nhật ~17/10/2026; 3 Traveler's Guides + 2 Classic SoulGlad | G39: https://www.radiotimes.com/technology/gaming/honkai-star-rail-codes/
A40: 37 | B40: Honkai: Star Rail | C40: OMEGA | D40: Nhà Phát Hành Quốc Tế | E40: chưa rõ | F40: Code toàn cầu (global), bài tổng hợp cập nhật ~17/10/2026; 60 Stellar Jade + 1 Fuel | G40: https://www.radiotimes.com/technology/gaming/honkai-star-rail-codes/
A41: 38 | B41: Honkai: Star Rail | C41: CREATIONNYMPH | D41: Nhà Phát Hành Quốc Tế | E41: chưa rõ | F41: Code toàn cầu (global), bài tổng hợp cập nhật ~17/10/2026; 60 Stellar Jade + 1 Fuel | G41: https://www.radiotimes.com/technology/gaming/honkai-star-rail-codes/
A42: 39 | B42: Honkai: Star Rail | C42: FAREWELL | D42: Nhà Phát Hành Quốc Tế | E42: chưa rõ | F42: Code toàn cầu (global), bài tổng hợp cập nhật ~17/10/2026; 60 Stellar Jade + 1 Fuel | G42: https://www.radiotimes.com/technology/gaming/honkai-star-rail-codes/
A43: 40 | B43: Honkai: Star Rail | C43: IFYOUAREREADINGTHIS | D43: Nhà Phát Hành Quốc Tế | E43: chưa rõ | F43: Code toàn cầu (global), bài tổng hợp cập nhật ~17/10/2026; 60 Stellar Jade + 1 Fuel | G43: https://www.radiotimes.com/technology/gaming/honkai-star-rail-codes/
A44: 41 | B44: Honkai: Star Rail | C44: 4TKSX77Y58QK | D44: Nhà Phát Hành Quốc Tế | E44: chưa rõ | F44: Code toàn cầu (global), bài tổng hợp cập nhật ~17/10/2026; 30 Stellar Jade + Guides/Aether/Fragments + 20k Credits | G44: https://www.radiotimes.com/technology/gaming/honkai-star-rail-codes/
A45: 42 | B45: Honkai: Star Rail | C45: STARRAILGIFT | D45: Nhà Phát Hành Quốc Tế | E45: chưa rõ | F45: Code toàn cầu (global), bài tổng hợp cập nhật ~17/10/2026; 50 Stellar Jade + 10k Credits + Guides + Bottled Soda | G45: https://www.radiotimes.com/technology/gaming/honkai-star-rail-codes/
A46: 43 | B46: iCá ZingPlay | C46: LINEGAMES | D46: ZingPlay Việt Nam (VNG) | E46: chưa rõ | F46: Trang tổng hợp linegames.org cập nhật 01/08/2026; không phải code tuần chính thức, trạng thái tuần này chưa xác minh | G46: https://www.linegames.org/es/ic%C3%A1-b%E1%BA%AFn-c%C3%A1-zingplay-vng-codes/
... A53: 50 | B53: iCá ZingPlay | C53: FBGIFT | D53: ZingPlay Việt Nam (VNG) | E53: chưa rõ | F53: Trang tổng hợp linegames.org cập nhật 01/08/2026; không phải code tuần chính thức, trạng thái tuần này chưa xác minh | G53: https://www.linegames.org/es/ic%C3%A1-b%E1%BA%AFn-c%C3%A1-zingplay-vng-codes/
A54: 51 | B54: Kiếm Khách Truyền Kỳ | C54: RAMATKKTK | D54: Việt Long Game Play | F54: Code dùng chung (NPH VLG Play gửi AFKMobi dịp ra mắt 15/09/2026); chưa xác minh còn hạn tuần này | G54: https://afkmobi.com/tong-hop-gift-code-game-kiem-khach-truyen-ky-moi-nhat.html
A55: 52 | B55: Kiếm Khách Truyền Kỳ | C55: 24HBUNGNO1 | D55: Việt Long Game Play | F55: Code dùng chung (dịp ra mắt 15/09/2026); chưa xác minh còn hạn tuần này | G55: https://afkmobi.com/tong-hop-gift-code-game-kiem-khach-truyen-ky-moi-nhat.html
A56: 53 | B56: Kiếm Khách Truyền Kỳ | C56: M2DAYKKTK | D56: Việt Long Game Play | F56: Code dùng chung (dịp ra mắt 15/09/2026); chưa xác minh còn hạn tuần này | G56: https://afkmobi.com/tong-hop-gift-code-game-kiem-khach-truyen-ky-moi-nhat.html
A57: 54 | B57: Kiếm Khách Truyền Kỳ | C57: C3DAYKKTK | D57: Việt Long Game Play | F57: Code dùng chung (dịp ra mắt 15/09/2026); chưa xác minh còn hạn tuần này | G57: https://afkmobi.com/tong-hop-gift-code-game-kiem-khach-truyen-ky-moi-nhat.html
A58: 55 | B58: Kiếm Khách Truyền Kỳ | C58: D4RAMAT | D58: Việt Long Game Play | F58: Code dùng chung (dịp ra mắt 15/09/2026); chưa xác minh còn hạn tuần này | G58: https://afkmobi.com/tong-hop-gift-code-game-kiem-khach-truyen-ky-moi-nhat.html
A59: 56 | B59: Kiếm Khách Truyền Kỳ | C59: KKTKMMO26 | D59: Việt Long Game Play | F59: Code dùng chung (dịp ra mắt 15/09/2026); chưa xác minh còn hạn tuần này | G59: https://afkmobi.com/tong-hop-gift-code-game-kiem-khach-truyen-ky-moi-nhat.html
A60: 57 | B60: Kiếm Khách Truyền Kỳ | C60: XUNGVUONG | D60: Việt Long Game Play | F60: Code dùng chung (dịp ra mắt 15/09/2026); chưa xác minh còn hạn tuần này | G60: https://afkmobi.com/tong-hop-gift-code-game-kiem-khach-truyen-ky-moi-nhat.html
A61: 58 | B61: Kiếm Khách Truyền Kỳ | C61: BANGHOI88 | D61: Việt Long Game Play | F61: Code dùng chung (dịp ra mắt 15/09/2026); chưa xác minh còn hạn tuần này | G61: https://afkmobi.com/tong-hop-gift-code-game-kiem-khach-truyen-ky-moi-nhat.html
A62: 59 | B62: Kiếm Khách Truyền Kỳ | C62: DOLONG888 | D62: Việt Long Game Play | F62: Code dùng chung (dịp ra mắt 15/09/2026); chưa xác minh còn hạn tuần này | G62: https://afkmobi.com/tong-hop-gift-code-game-kiem-khach-truyen-ky-moi-nhat.html
A63: 60 | B63: Kiếm Khách Truyền Kỳ | C63: KIEMVIP88 | D63: Việt Long Game Play | F63: Code dùng chung (dịp ra mắt 15/09/2026); chưa xác minh còn hạn tuần này | G63: https://afkmobi.com/tong-hop-gift-code-game-kiem-khach-truyen-ky-moi-nhat.html
A64: 61 | B64: Kiếm Khách Truyền Kỳ | C64: NHATKIEM9 | D64: Việt Long Game Play | F64: Code dùng chung (dịp ra mắt 15/09/2026); chưa xác minh còn hạn tuần này | G64: https://afkmobi.com/tong-hop-gift-code-game-kiem-khach-truyen-ky-moi-nhat.html
A65: 62 | B65: Kiếm Thế Origin | C65: VSHKDANANG | D65: VNGGames & VNG Game Studios | F65: Được trang tổng hợp gắn nhãn Mới (cập nhật 10/07/2026); không phải code tuần chính thức | G65: https://hoanghamobile.com/tin-tuc/code-kiem-the-origin/
... A109: 106 | B109: King Legacy | C109: 2MFAV | D109: Nhà Phát Hành Quốc Tế | F109: Code toàn cầu còn hạn theo nguồn cập nhật 15/10/2026 (không phải code tuần); reset chỉ số miễn phí | G109: https://twinfinite.net/guides/roblox-king-legacy-codes-get-free-cash-gems/?amp=1 https://www.destructoid.com/king-legacy-codes/
A110: 107 | B110: Liên Quân Mobile | C110: TUKET2_APL25KM35 | D110: Vietnam Esports | E110: chưa rõ | F110: Trang 24hstore ghi 'Mới nhất' (cập nhật ~12/10/2026); mã sự kiện APL, không phải mã tuần chính thức, tình trạng có thể thay đổi | G110: https://24hstore.vn/huong-dan-ky-thuat/code-lien-quan-mobile-n9447
A111: 108 | B111: Liên Quân Mobile | C111: VTD2410_HHHJ3WSWJYD | D111: Vietnam Esports | E111: chưa rõ | F111: Trang 24hstore ghi 'Mới nhất' (cập nhật ~12/10/2026); mã sự kiện, tình trạng có thể thay đổi | G111: https://24hstore.vn/huong-dan-ky-thuat/code-lien-quan-mobile-n9447
A112: 109 | B112: Liên Quân Mobile | C112: VTD2502_Q2X7JYNM | D112: Vietnam Esports | E112: chưa rõ | F112: Trang 24hstore ghi 'Mới nhất' (cập nhật ~12/10/2026); mã sự kiện, tình trạng có thể thay đổi | G112: https://24hstore.vn/huong-dan-ky-thuat/code-lien-quan-mobile-n9447
A113: 110 | B113: Liên Quân Mobile (Arena of Valor) | C113: TUKET2_APL25KM35 | D113: Garena (Vietnam Esports) | E113: chưa rõ | F113: Trang 24hstore ghi 'Mới nhất' (cập nhật ~12/10/2026); mã sự kiện APL, tình trạng có thể thay đổi | G113: https://24hstore.vn/huong-dan-ky-thuat/code-lien-quan-mobile-n9447
A114: 111 | B114: Liên Quân Mobile (Arena of Valor) | C114: VTD2410_HHHJ3WSWJYD | D114: Garena (Vietnam Esports) | E114: chưa rõ | F114: Trang 24hstore ghi 'Mới nhất' (cập nhật ~12/10/2026); mã sự kiện, tình trạng có thể thay đổi | G114: https://24hstore.vn/huong-dan-ky-thuat/code-lien-quan-mobile-n9447
A115: 112 | B115: Liên Quân Mobile (Arena of Valor) | C115: VTD2502_Q2X7JYNM | D115: Garena (Vietnam Esports) | E115: chưa rõ | F115: Trang 24hstore ghi 'Mới nhất' (cập nhật ~12/10/2026); mã sự kiện, tình trạng có thể thay đổi | G115: https://24hstore.vn/huong-dan-ky-thuat/code-lien-quan-mobile-n9447
A116: 113 | B116: Loạn Xì Ngầu 3Q – OEG | C116: ATLXN3QUADA6 | D116: ALO | E116: download.com.vn ghi Còn hạn (bài đăng 28/05/2026) | F116: Mã quà tặng đợt ra mắt game của OEG Games, không phải mã tuần định kỳ | G116: https://download.com.vn/tong-hop-code-game-loan-xi-ngau-3q-va-cach-nhap-203407
A117: 114 | B117: Loạn Xì Ngầu 3Q – OEG | C117: ATLXN2CUCVUI | D117: ALO | E117: download.com.vn ghi Còn hạn (bài đăng 28/05/2026) | F117: Mã quà tặng đợt ra mắt game của OEG Games, không phải mã tuần định kỳ | G117: https://download.com.vn/tong-hop-code-game-loan-xi-ngau-3q-va-cach-nhap-203407
A118: 115 | B118: Loạn Xì Ngầu 3Q – OEG | C118: CHIENATLXN | D118: ALO | E118: download.com.vn ghi Còn hạn (bài đăng 28/05/2026) | F118: Mã quà tặng đợt ra mắt game của OEG Games, không phải mã tuần định kỳ | G118: https://download.com.vn/tong-hop-code-game-loan-xi-ngau-3q-va-cach-nhap-203407
A119: 116 | B119: Loạn Xì Ngầu 3Q – OEG | C119: ATLXNWIN2 | D119: ALO | E119: download.com.vn ghi Còn hạn (bài đăng 28/05/2026) | F119: Mã quà tặng đợt ra mắt game của OEG Games, không phải mã tuần định kỳ | G119: https://download.com.vn/tong-hop-code-game-loan-xi-ngau-3q-va-cach-nhap-203407
A120: 117 | B120: Loạn Xì Ngầu 3Q – OEG | C120: ATLXNWIN | D120: ALO | E120: download.com.vn ghi Còn hạn (bài đăng 28/05/2026) | F120: Mã quà tặng đợt ra mắt game của OEG Games, không phải mã tuần định kỳ | G120: https://download.com.vn/tong-hop-code-game-loan-xi-ngau-3q-va-cach-nhap-203407
A121: 118 | B121: Loạn Xì Ngầu 3Q – OEG | C121: 1000FOLLOW | D121: ALO | E121: download.com.vn ghi Còn hạn (bài đăng 28/05/2026) | F121: Mã quà tặng đợt ra mắt game của OEG Games, không phải mã tuần định kỳ | G121: https://download.com.vn/tong-hop-code-game-loan-xi-ngau-3q-va-cach-nhap-203407
A122: 119 | B122: Nghịch Thủy Hàn | C122: HAPPYWEEK3 | D122: Công ty Cổ phần Tập đoàn VNG / VNGGames | F122: Tên mã thuộc chuỗi code tuần (HAPPYWEEK series); CellphoneS SForum liệt kê trạng thái 'Còn thời hạn', không ghi rõ hạn dùng | G122: https://cellphones.com.vn/sforum/code-nghich-thuy-han
A123: 120 | B123: Ngôi Sao Showbiz | C123: NGOISAOTUAN1 | D123: CÔNG TY TNHH JOYGAMES | F123: Mã 'Ngôi Sao Tuần 1' thuộc chuỗi code tuần; FPT Shop (cập nhật 01/10/2026) liệt kê trạng thái 'Còn hạn', không ghi rõ hạn dùng | G123: https://fptshop.com.vn/tin-tuc/giai-tri/code-game-ngoi-sao-showbiz-198302
A124: 121 | B124: Pixel Defenders: Merge TD | C124: OCTCODE | D124: Nhà Phát Hành Quốc Tế | E124: hết hạn 01/11/2026 | F124: mã hoạt động, phát hành định kỳ theo đợt | G124: https://progamegeek.com/pixel-defenders-codes/
A125: 122 | B125: Pixel Defenders: Merge TD | C125: SERVER25 | D125: Nhà Phát Hành Quốc Tế | E125: hết hạn 24/10/2026 | F125: mã SERVER phát hành gần như mỗi ngày | G125: https://progamegeek.com/pixel-defenders-codes/
A126: 123 | B126: Pixel Defenders: Merge TD | C126: SERVER24 | D126: Nhà Phát Hành Quốc Tế | E126: hết hạn 22/10/2026 | F126: mã SERVER phát hành gần như mỗi ngày | G126: https://progamegeek.com/pixel-defenders-codes/
A127: 124 | B127: Pixel Defenders: Merge TD | C127: SERVER23 | D127: Nhà Phát Hành Quốc Tế | E127: hết hạn 21/10/2026 | F127: mã SERVER phát hành gần như mỗi ngày | G127: https://progamegeek.com/pixel-defenders-codes/
A128: 125 | B128: Pixel Defenders: Merge TD | C128: SERVER22 | D128: Nhà Phát Hành Quốc Tế | E128: hết hạn 19/10/2026 | F128: mã SERVER phát hành gần như mỗi ngày, hết hạn hôm nay | G128: https://progamegeek.com/pixel-defenders-codes/
A129: 126 | B129: Rise of Kingdoms | C129: 9i6yztnmhj | D129: CÔNG TY CỔ PHẦN GAMOTA | E129: hết hạn 31/10/2026 | F129: mã mới phát hành định kỳ, đang hoạt động | G129: https://www.memuplay.com/blog/rise-of-kingdoms-codes.html https://www.PocketGamer.com/rise-of-kingdoms-lost-crusade/redeem-codes/
A130: 127 | B130: Rise of Kingdoms | C130: ROK2026666 | D130: CÔNG TY CỔ PHẦN GAMOTA | E130: hết hạn 31/10/2026 | F130: mã mới phát hành định kỳ, đang hoạt động | G130: https://www.memuplay.com/blog/rise-of-kingdoms-codes.html https://www.PocketGamer.com/rise-of-kingdoms-lost-crusade/redeem-codes/
A131: 128 | B131: Rise of Kingdoms | C131: a8wtd2c8pn | D131: CÔNG TY CỔ PHẦN GAMOTA | E131: hết hạn 19/10/2026 | F131: hết hạn trong hôm nay 19/10 | G131: https://www.memuplay.com/blog/rise-of-kingdoms-codes.html https://www.PocketGamer.com/rise-of-kingdoms-lost-crusade/redeem-codes/
A132: 129 | B132: Soul Strike | C132: ELECEED1000 | D132: CÔNG TY CỔ PHẦN FUNTAP GAMES | E132: hết hạn 21/10/2026 | F132: mã hợp tác ELECEED, đang hoạt động | G132: https://www.pocketgamer.com/soul-strike/codes/ https://www.bluestacks.com/blog/redeem-codes/soul-strike-redeem-codes-en.html
A133: 130 | B133: Soul Strike | C133: DWN10SKY | D133: CÔNG TY CỔ PHẦN FUNTAP GAMES | E133: hết hạn 19/10/2026 | F133: hết hạn trong hôm nay 19/10 | G133: https://www.pocketgamer.com/soul-strike/codes/ https://www.bluestacks.com/blog/redeem-codes/soul-strike-redeem-codes-en.html
A134: 131 | B134: Soul Strike | C134: KERORO0624 | D134: CÔNG TY CỔ PHẦN FUNTAP GAMES | F134: mã hợp tác KERORO, đang hoạt động | G134: https://www.pocketgamer.com/soul-strike/codes/ https://www.bluestacks.com/blog/redeem-codes/soul-strike-redeem-codes-en.html
A135: 132 | B135: Soul Strike | C135: SSAS4W04 | D135: CÔNG TY CỔ PHẦN FUNTAP GAMES | F135: mã đang hoạt động tháng 10/2026 | G135: https://www.pocketgamer.com/soul-strike/codes/ https://www.bluestacks.com/blog/redeem-codes/soul-strike-redeem-codes-en.html
A136: 133 | B136: Soul Strike | C136: SSSPR3NG | D136: CÔNG TY CỔ PHẦN FUNTAP GAMES | F136: mã đang hoạt động tháng 10/2026 | G136: https://www.pocketgamer.com/soul-strike/codes/ https://www.bluestacks.com/blog/redeem-codes/soul-strike-redeem-codes-en.html
A137: 134 | B137: Soul Strike | C137: SOULNY2026 | D137: CÔNG TY CỔ PHẦN FUNTAP GAMES | F137: mã đang hoạt động tháng 10/2026 | G137: https://www.pocketgamer.com/soul-strike/codes/ https://www.bluestacks.com/blog/redeem-codes/soul-strike-redeem-codes-en.html
A138: 135 | B138: Soul Strike | C138: HZN210CL | D138: CÔNG TY CỔ PHẦN FUNTAP GAMES | F138: mã đang hoạt động tháng 10/2026 | G138: https://www.pocketgamer.com/soul-strike/codes/ https://www.bluestacks.com/blog/redeem-codes/soul-strike-redeem-codes-en.html
A139: 136 | B139: Soul Strike | C139: SOULFLORAL0407 | D139: CÔNG TY CỔ PHẦN FUNTAP GAMES | F139: mã đang hoạt động tháng 10/2026 | G139: https://www.pocketgamer.com/soul-strike/codes/ https://www.bluestacks.com/blog/redeem-codes/soul-strike-redeem-codes-en.html
A140: 137 | B140: Soul Strike | C140: MAXLEVELNEWBIE | D140: CÔNG TY CỔ PHẦN FUNTAP GAMES | F140: mã đang hoạt động tháng 10/2026 | G140: https://www.pocketgamer.com/soul-strike/codes/ https://www.bluestacks.com/blog/redeem-codes/soul-strike-redeem-codes-en.html
A141: 138 | B141: Soul Strike | C141: LASK0401 | D141: CÔNG TY CỔ PHẦN FUNTAP GAMES | F141: mã đang hoạt động tháng 10/2026 | G141: https://www.pocketgamer.com/soul-strike/codes/ https://www.bluestacks.com/blog/redeem-codes/soul-strike-redeem-codes-en.html
A142: 139 | B142: Soul Strike | C142: SKILL100 | D142: CÔNG TY CỔ PHẦN FUNTAP GAMES | F142: mã đang hoạt động tháng 10/2026 | G142: https://www.pocketgamer.com/soul-strike/codes/ https://www.bluestacks.com/blog/redeem-codes/soul-strike-redeem-codes-en.html
A143: 140 | B143: Super Snail | C143: LOGIN1000 | D143: Nhà Phát Hành Quốc Tế | F143: mã đang hoạt động cập nhật tháng 10/2026 | G143: https://www.BlueStacks.com/blog/redeem-codes/super-snail-redeem-codes-en.html
A144: 141 | B144: Super Snail | C144: LOGIN1001 | D144: Nhà Phát Hành Quốc Tế | F144: mã đang hoạt động cập nhật tháng 10/2026 | G144: https://www.BlueStacks.com/blog/redeem-codes/super-snail-redeem-codes-en.html
A145: 142 | B145: Super Snail | C145: LOGIN1212 | D145: Nhà Phát Hành Quốc Tế | F145: mã đang hoạt động cập nhật tháng 10/2026 | G145: https://www.BlueStacks.com/blog/redeem-codes/super-snail-redeem-codes-en.html
... A153: 150 | B153: Thợ Săn Quỷ: Đại Chiến Dị Giới | C153: HAPPYY2 | D153: CÔNG TY CỔ PHẦN GAMOTA | F153: Được Điện máy Xanh gắn nhãn 'Code tuần' (MỚI NHẤT); trang cập nhật 140 ngày trước, chưa rõ còn hiệu lực | G153: https://www.dienmayxanh.com/kinh-nghiem-hay/code-cach-nhap-code-tho-san-quy-dai-chien-di-gioi-1592254
A154: 151 | B154: Tiên Nghịch Mobile | C154: DAIVIENMAN | D154: CÔNG TY TNHH JOYGAMES | E154: 23:59 30/11 | F154: Code chung còn hạn, WikiGM cập nhật 15/10/2026 (không ghi nhãn 'code tuần') | G154: https://wikigm.com/code-tien-nghich-mobile/ https://download.com.vn/tong-hop-code-game-tien-nghich-mobile-va-cach-nhap-203974
A155: 152 | B155: Tiên Nghịch Mobile | C155: KETDAN10K | D155: CÔNG TY TNHH JOYGAMES | E155: 23:59 30/11 | F155: Code chung còn hạn, WikiGM cập nhật 15/10/2026 | G155: https://wikigm.com/code-tien-nghich-mobile/ https://download.com.vn/tong-hop-code-game-tien-nghich-mobile-va-cach-nhap-203974
A156: 153 | B156: Tiên Nghịch Mobile | C156: DAOHUU20K | D156: CÔNG TY TNHH JOYGAMES | E156: 23:59 30/11 | F156: Code chung còn hạn, WikiGM cập nhật 15/10/2026 | G156: https://wikigm.com/code-tien-nghich-mobile/ https://download.com.vn/tong-hop-code-game-tien-nghich-mobile-va-cach-nhap-203974
A157: 154 | B157: Tiên Nghịch Mobile | C157: TIENNGOC30K | D157: CÔNG TY TNHH JOYGAMES | E157: 23:59 30/11 | F157: Code chung còn hạn, WikiGM cập nhật 15/10/2026 | G157: https://wikigm.com/code-tien-nghich-mobile/ https://download.com.vn/tong-hop-code-game-tien-nghich-mobile-va-cach-nhap-203974
...
